Record Length,2.500000e+03,,   0.395000000000,  -2.92000,
Sample Interval,4.000000e-06,,   0.395004000000,  -2.92000,
Trigger Point,-9.875000000000e+04,,   0.395008000000,  -2.92000,
,,,   0.395012000000,  -2.92000,
,,,   0.395016000000,  -2.96000,
,,,   0.395020000000,  -3.00000,
Source,CH1,,   0.395024000000,  -3.00000,
Vertical Units,V,,   0.395028000000,  -3.00000,
Vertical Scale,1.000000e+00,,   0.395032000000,  -3.00000,
Vertical Offset,0.000000e+00,,   0.395036000000,  -3.04000,
Horizontal Units,s,,   0.395040000000,  -3.04000,
Horizontal Scale,1.000000e-03,,   0.395044000000,  -3.08000,
Pt Fmt,Y,,   0.395048000000,  -3.08000,
Yzero,0.000000e+00,,   0.395052000000,  -3.08000,
Probe Atten,1.000000e+00,,   0.395056000000,  -3.12000,
Model Number,TDS2014C,,   0.395060000000,  -3.12000,
Serial Number,C013080,,   0.395064000000,  -3.12000,
Firmware Version,FV:v24.15,,   0.395068000000,  -3.16000,
,,,0.395072000000,  -3.16000,
,,,0.395076000000,  -3.16000,
,,,0.395080000000,  -3.16000,
,,,0.395084000000,  -3.16000,
,,,0.395088000000,  -3.16000,
,,,0.395092000000,  -3.20000,
,,,0.395096000000,  -3.20000,
,,,0.395100000000,  -3.16000,
,,,0.395104000000,  -3.20000,
,,,0.395108000000,  -3.20000,
,,,0.395112000000,  -3.20000,
,,,0.395116000000,  -3.20000,
,,,0.395120000000,  -3.20000,
,,,0.395124000000,  -3.24000,
,,,0.395128000000,  -3.24000,
,,,0.395132000000,  -3.24000,
,,,0.395136000000,  -3.24000,
,,,0.395140000000,  -3.20000,
,,,0.395144000000,  -3.24000,
,,,0.395148000000,  -3.20000,
,,,0.395152000000,  -3.20000,
,,,0.395156000000,  -3.20000,
,,,0.395160000000,  -3.20000,
,,,0.395164000000,  -3.24000,
,,,0.395168000000,  -3.24000,
,,,0.395172000000,  -3.20000,
,,,0.395176000000,  -3.20000,
,,,0.395180000000,  -3.20000,
,,,0.395184000000,  -3.16000,
,,,0.395188000000,  -3.20000,
,,,0.395192000000,  -3.16000,
,,,0.395196000000,  -3.16000,
,,,0.395200000000,  -3.16000,
,,,0.395204000000,  -3.16000,
,,,0.395208000000,  -3.12000,
,,,0.395212000000,  -3.12000,
,,,0.395216000000,  -3.12000,
,,,0.395220000000,  -3.08000,
,,,0.395224000000,  -3.08000,
,,,0.395228000000,  -3.08000,
,,,0.395232000000,  -3.04000,
,,,0.395236000000,  -3.08000,
,,,0.395240000000,  -3.00000,
,,,0.395244000000,  -3.00000,
,,,0.395248000000,  -3.04000,
,,,0.395252000000,  -3.00000,
,,,0.395256000000,  -2.96000,
,,,0.395260000000,  -2.96000,
,,,0.395264000000,  -2.96000,
,,,0.395268000000,  -2.92000,
,,,0.395272000000,  -2.88000,
,,,0.395276000000,  -2.88000,
,,,0.395280000000,  -2.88000,
,,,0.395284000000,  -2.88000,
,,,0.395288000000,  -2.84000,
,,,0.395292000000,  -2.84000,
,,,0.395296000000,  -2.80000,
,,,0.395300000000,  -2.80000,
,,,0.395304000000,  -2.76000,
,,,0.395308000000,  -2.76000,
,,,0.395312000000,  -2.72000,
,,,0.395316000000,  -2.68000,
,,,0.395320000000,  -2.68000,
,,,0.395324000000,  -2.64000,
,,,0.395328000000,  -2.64000,
,,,0.395332000000,  -2.60000,
,,,0.395336000000,  -2.56000,
,,,0.395340000000,  -2.52000,
,,,0.395344000000,  -2.52000,
,,,0.395348000000,  -2.48000,
,,,0.395352000000,  -2.48000,
,,,0.395356000000,  -2.44000,
,,,0.395360000000,  -2.44000,
,,,0.395364000000,  -2.36000,
,,,0.395368000000,  -2.36000,
,,,0.395372000000,  -2.32000,
,,,0.395376000000,  -2.28000,
,,,0.395380000000,  -2.24000,
,,,0.395384000000,  -2.24000,
,,,0.395388000000,  -2.20000,
,,,0.395392000000,  -2.16000,
,,,0.395396000000,  -2.12000,
,,,0.395400000000,  -2.12000,
,,,0.395404000000,  -2.08000,
,,,0.395408000000,  -2.04000,
,,,0.395412000000,  -2.04000,
,,,0.395416000000,  -2.00000,
,,,0.395420000000,  -1.96000,
,,,0.395424000000,  -1.92000,
,,,0.395428000000,  -1.88000,
,,,0.395432000000,  -1.84000,
,,,0.395436000000,  -1.80000,
,,,0.395440000000,  -1.76000,
,,,0.395444000000,  -1.72000,
,,,0.395448000000,  -1.68000,
,,,0.395452000000,  -1.68000,
,,,0.395456000000,  -1.64000,
,,,0.395460000000,  -1.60000,
,,,0.395464000000,  -1.56000,
,,,0.395468000000,  -1.52000,
,,,0.395472000000,  -1.48000,
,,,0.395476000000,  -1.44000,
,,,0.395480000000,  -1.40000,
,,,0.395484000000,  -1.36000,
,,,0.395488000000,  -1.32000,
,,,0.395492000000,  -1.32000,
,,,0.395496000000,  -1.24000,
,,,0.395500000000,  -1.24000,
,,,0.395504000000,  -1.20000,
,,,0.395508000000,  -1.12000,
,,,0.395512000000,  -1.12000,
,,,0.395516000000,  -1.04000,
,,,0.395520000000,  -1.00000,
,,,0.395524000000,  -0.96000,
,,,0.395528000000,  -0.96000,
,,,0.395532000000,  -0.92000,
,,,0.395536000000,  -0.88000,
,,,0.395540000000,  -0.80000,
,,,0.395544000000,  -0.80000,
,,,0.395548000000,  -0.72000,
,,,0.395552000000,  -0.68000,
,,,0.395556000000,  -0.64000,
,,,0.395560000000,  -0.60000,
,,,0.395564000000,  -0.56000,
,,,0.395568000000,  -0.52000,
,,,0.395572000000,  -0.48000,
,,,0.395576000000,  -0.44000,
,,,0.395580000000,  -0.40000,
,,,0.395584000000,  -0.36000,
,,,0.395588000000,  -0.32000,
,,,0.395592000000,  -0.28000,
,,,0.395596000000,  -0.24000,
,,,0.395600000000,  -0.20000,
,,,0.395604000000,  -0.16000,
,,,0.395608000000,  -0.12000,
,,,0.395612000000,  -0.08000,
,,,0.395616000000,  -0.04000,
,,,0.395620000000,   0.00000,
,,,0.395624000000,   0.04000,
,,,0.395628000000,   0.12000,
,,,0.395632000000,   0.16000,
,,,0.395636000000,   0.20000,
,,,0.395640000000,   0.24000,
,,,0.395644000000,   0.28000,
,,,0.395648000000,   0.32000,
,,,0.395652000000,   0.36000,
,,,0.395656000000,   0.44000,
,,,0.395660000000,   0.44000,
,,,0.395664000000,   0.48000,
,,,0.395668000000,   0.52000,
,,,0.395672000000,   0.56000,
,,,0.395676000000,   0.60000,
,,,0.395680000000,   0.64000,
,,,0.395684000000,   0.68000,
,,,0.395688000000,   0.72000,
,,,0.395692000000,   0.80000,
,,,0.395696000000,   0.84000,
,,,0.395700000000,   0.88000,
,,,0.395704000000,   0.92000,
,,,0.395708000000,   0.96000,
,,,0.395712000000,   1.00000,
,,,0.395716000000,   1.04000,
,,,0.395720000000,   1.04000,
,,,0.395724000000,   1.12000,
,,,0.395728000000,   1.12000,
,,,0.395732000000,   1.16000,
,,,0.395736000000,   1.24000,
,,,0.395740000000,   1.28000,
,,,0.395744000000,   1.32000,
,,,0.395748000000,   1.32000,
,,,0.395752000000,   1.40000,
,,,0.395756000000,   1.40000,
,,,0.395760000000,   1.48000,
,,,0.395764000000,   1.52000,
,,,0.395768000000,   1.56000,
,,,0.395772000000,   1.60000,
,,,0.395776000000,   1.60000,
,,,0.395780000000,   1.64000,
,,,0.395784000000,   1.68000,
,,,0.395788000000,   1.72000,
,,,0.395792000000,   1.76000,
,,,0.395796000000,   1.76000,
,,,0.395800000000,   1.80000,
,,,0.395804000000,   1.84000,
,,,0.395808000000,   1.88000,
,,,0.395812000000,   1.92000,
,,,0.395816000000,   1.96000,
,,,0.395820000000,   2.00000,
,,,0.395824000000,   2.04000,
,,,0.395828000000,   2.08000,
,,,0.395832000000,   2.12000,
,,,0.395836000000,   2.16000,
,,,0.395840000000,   2.16000,
,,,0.395844000000,   2.20000,
,,,0.395848000000,   2.20000,
,,,0.395852000000,   2.24000,
,,,0.395856000000,   2.28000,
,,,0.395860000000,   2.28000,
,,,0.395864000000,   2.32000,
,,,0.395868000000,   2.36000,
,,,0.395872000000,   2.40000,
,,,0.395876000000,   2.44000,
,,,0.395880000000,   2.44000,
,,,0.395884000000,   2.48000,
,,,0.395888000000,   2.48000,
,,,0.395892000000,   2.52000,
,,,0.395896000000,   2.56000,
,,,0.395900000000,   2.60000,
,,,0.395904000000,   2.60000,
,,,0.395908000000,   2.64000,
,,,0.395912000000,   2.64000,
,,,0.395916000000,   2.68000,
,,,0.395920000000,   2.72000,
,,,0.395924000000,   2.68000,
,,,0.395928000000,   2.76000,
,,,0.395932000000,   2.76000,
,,,0.395936000000,   2.76000,
,,,0.395940000000,   2.80000,
,,,0.395944000000,   2.84000,
,,,0.395948000000,   2.88000,
,,,0.395952000000,   2.88000,
,,,0.395956000000,   2.88000,
,,,0.395960000000,   2.92000,
,,,0.395964000000,   2.92000,
,,,0.395968000000,   2.92000,
,,,0.395972000000,   2.96000,
,,,0.395976000000,   2.96000,
,,,0.395980000000,   3.00000,
,,,0.395984000000,   3.00000,
,,,0.395988000000,   3.04000,
,,,0.395992000000,   3.04000,
,,,0.395996000000,   3.08000,
,,,0.396000000000,   3.08000,
,,,0.396004000000,   3.08000,
,,,0.396008000000,   3.08000,
,,,0.396012000000,   3.08000,
,,,0.396016000000,   3.12000,
,,,0.396020000000,   3.12000,
,,,0.396024000000,   3.12000,
,,,0.396028000000,   3.16000,
,,,0.396032000000,   3.16000,
,,,0.396036000000,   3.16000,
,,,0.396040000000,   3.16000,
,,,0.396044000000,   3.16000,
,,,0.396048000000,   3.20000,
,,,0.396052000000,   3.20000,
,,,0.396056000000,   3.20000,
,,,0.396060000000,   3.16000,
,,,0.396064000000,   3.20000,
,,,0.396068000000,   3.20000,
,,,0.396072000000,   3.20000,
,,,0.396076000000,   3.24000,
,,,0.396080000000,   3.20000,
,,,0.396084000000,   3.24000,
,,,0.396088000000,   3.24000,
,,,0.396092000000,   3.24000,
,,,0.396096000000,   3.24000,
,,,0.396100000000,   3.20000,
,,,0.396104000000,   3.24000,
,,,0.396108000000,   3.24000,
,,,0.396112000000,   3.20000,
,,,0.396116000000,   3.24000,
,,,0.396120000000,   3.20000,
,,,0.396124000000,   3.20000,
,,,0.396128000000,   3.24000,
,,,0.396132000000,   3.20000,
,,,0.396136000000,   3.20000,
,,,0.396140000000,   3.16000,
,,,0.396144000000,   3.20000,
,,,0.396148000000,   3.20000,
,,,0.396152000000,   3.16000,
,,,0.396156000000,   3.20000,
,,,0.396160000000,   3.16000,
,,,0.396164000000,   3.16000,
,,,0.396168000000,   3.16000,
,,,0.396172000000,   3.12000,
,,,0.396176000000,   3.16000,
,,,0.396180000000,   3.12000,
,,,0.396184000000,   3.08000,
,,,0.396188000000,   3.08000,
,,,0.396192000000,   3.08000,
,,,0.396196000000,   3.04000,
,,,0.396200000000,   3.04000,
,,,0.396204000000,   3.04000,
,,,0.396208000000,   3.04000,
,,,0.396212000000,   3.00000,
,,,0.396216000000,   3.00000,
,,,0.396220000000,   2.96000,
,,,0.396224000000,   2.96000,
,,,0.396228000000,   2.96000,
,,,0.396232000000,   2.92000,
,,,0.396236000000,   2.92000,
,,,0.396240000000,   2.88000,
,,,0.396244000000,   2.88000,
,,,0.396248000000,   2.84000,
,,,0.396252000000,   2.84000,
,,,0.396256000000,   2.80000,
,,,0.396260000000,   2.80000,
,,,0.396264000000,   2.76000,
,,,0.396268000000,   2.72000,
,,,0.396272000000,   2.72000,
,,,0.396276000000,   2.68000,
,,,0.396280000000,   2.68000,
,,,0.396284000000,   2.64000,
,,,0.396288000000,   2.64000,
,,,0.396292000000,   2.60000,
,,,0.396296000000,   2.56000,
,,,0.396300000000,   2.52000,
,,,0.396304000000,   2.52000,
,,,0.396308000000,   2.52000,
,,,0.396312000000,   2.48000,
,,,0.396316000000,   2.44000,
,,,0.396320000000,   2.40000,
,,,0.396324000000,   2.40000,
,,,0.396328000000,   2.32000,
,,,0.396332000000,   2.32000,
,,,0.396336000000,   2.32000,
,,,0.396340000000,   2.28000,
,,,0.396344000000,   2.24000,
,,,0.396348000000,   2.20000,
,,,0.396352000000,   2.16000,
,,,0.396356000000,   2.16000,
,,,0.396360000000,   2.12000,
,,,0.396364000000,   2.08000,
,,,0.396368000000,   2.04000,
,,,0.396372000000,   2.00000,
,,,0.396376000000,   2.00000,
,,,0.396380000000,   1.96000,
,,,0.396384000000,   1.92000,
,,,0.396388000000,   1.88000,
,,,0.396392000000,   1.84000,
,,,0.396396000000,   1.84000,
,,,0.396400000000,   1.76000,
,,,0.396404000000,   1.76000,
,,,0.396408000000,   1.72000,
,,,0.396412000000,   1.68000,
,,,0.396416000000,   1.64000,
,,,0.396420000000,   1.60000,
,,,0.396424000000,   1.56000,
,,,0.396428000000,   1.52000,
,,,0.396432000000,   1.48000,
,,,0.396436000000,   1.44000,
,,,0.396440000000,   1.40000,
,,,0.396444000000,   1.36000,
,,,0.396448000000,   1.32000,
,,,0.396452000000,   1.28000,
,,,0.396456000000,   1.24000,
,,,0.396460000000,   1.24000,
,,,0.396464000000,   1.16000,
,,,0.396468000000,   1.12000,
,,,0.396472000000,   1.12000,
,,,0.396476000000,   1.04000,
,,,0.396480000000,   1.00000,
,,,0.396484000000,   0.96000,
,,,0.396488000000,   0.92000,
,,,0.396492000000,   0.88000,
,,,0.396496000000,   0.84000,
,,,0.396500000000,   0.80000,
,,,0.396504000000,   0.76000,
,,,0.396508000000,   0.72000,
,,,0.396512000000,   0.68000,
,,,0.396516000000,   0.64000,
,,,0.396520000000,   0.60000,
,,,0.396524000000,   0.56000,
,,,0.396528000000,   0.52000,
,,,0.396532000000,   0.48000,
,,,0.396536000000,   0.44000,
,,,0.396540000000,   0.36000,
,,,0.396544000000,   0.36000,
,,,0.396548000000,   0.32000,
,,,0.396552000000,   0.28000,
,,,0.396556000000,   0.24000,
,,,0.396560000000,   0.20000,
,,,0.396564000000,   0.16000,
,,,0.396568000000,   0.08000,
,,,0.396572000000,   0.08000,
,,,0.396576000000,   0.04000,
,,,0.396580000000,  -0.04000,
,,,0.396584000000,  -0.08000,
,,,0.396588000000,  -0.12000,
,,,0.396592000000,  -0.16000,
,,,0.396596000000,  -0.20000,
,,,0.396600000000,  -0.24000,
,,,0.396604000000,  -0.32000,
,,,0.396608000000,  -0.36000,
,,,0.396612000000,  -0.36000,
,,,0.396616000000,  -0.40000,
,,,0.396620000000,  -0.48000,
,,,0.396624000000,  -0.52000,
,,,0.396628000000,  -0.52000,
,,,0.396632000000,  -0.60000,
,,,0.396636000000,  -0.60000,
,,,0.396640000000,  -0.68000,
,,,0.396644000000,  -0.72000,
,,,0.396648000000,  -0.76000,
,,,0.396652000000,  -0.76000,
,,,0.396656000000,  -0.80000,
,,,0.396660000000,  -0.88000,
,,,0.396664000000,  -0.92000,
,,,0.396668000000,  -0.92000,
,,,0.396672000000,  -1.00000,
,,,0.396676000000,  -1.04000,
,,,0.396680000000,  -1.04000,
,,,0.396684000000,  -1.12000,
,,,0.396688000000,  -1.16000,
,,,0.396692000000,  -1.20000,
,,,0.396696000000,  -1.24000,
,,,0.396700000000,  -1.28000,
,,,0.396704000000,  -1.32000,
,,,0.396708000000,  -1.36000,
,,,0.396712000000,  -1.36000,
,,,0.396716000000,  -1.40000,
,,,0.396720000000,  -1.44000,
,,,0.396724000000,  -1.48000,
,,,0.396728000000,  -1.52000,
,,,0.396732000000,  -1.56000,
,,,0.396736000000,  -1.60000,
,,,0.396740000000,  -1.64000,
,,,0.396744000000,  -1.68000,
,,,0.396748000000,  -1.72000,
,,,0.396752000000,  -1.72000,
,,,0.396756000000,  -1.80000,
,,,0.396760000000,  -1.80000,
,,,0.396764000000,  -1.88000,
,,,0.396768000000,  -1.92000,
,,,0.396772000000,  -1.92000,
,,,0.396776000000,  -1.96000,
,,,0.396780000000,  -2.00000,
,,,0.396784000000,  -2.04000,
,,,0.396788000000,  -2.04000,
,,,0.396792000000,  -2.08000,
,,,0.396796000000,  -2.12000,
,,,0.396800000000,  -2.16000,
,,,0.396804000000,  -2.20000,
,,,0.396808000000,  -2.20000,
,,,0.396812000000,  -2.24000,
,,,0.396816000000,  -2.28000,
,,,0.396820000000,  -2.32000,
,,,0.396824000000,  -2.36000,
,,,0.396828000000,  -2.36000,
,,,0.396832000000,  -2.40000,
,,,0.396836000000,  -2.40000,
,,,0.396840000000,  -2.48000,
,,,0.396844000000,  -2.48000,
,,,0.396848000000,  -2.48000,
,,,0.396852000000,  -2.52000,
,,,0.396856000000,  -2.56000,
,,,0.396860000000,  -2.56000,
,,,0.396864000000,  -2.60000,
,,,0.396868000000,  -2.60000,
,,,0.396872000000,  -2.68000,
,,,0.396876000000,  -2.68000,
,,,0.396880000000,  -2.68000,
,,,0.396884000000,  -2.72000,
,,,0.396888000000,  -2.76000,
,,,0.396892000000,  -2.76000,
,,,0.396896000000,  -2.80000,
,,,0.396900000000,  -2.80000,
,,,0.396904000000,  -2.80000,
,,,0.396908000000,  -2.84000,
,,,0.396912000000,  -2.84000,
,,,0.396916000000,  -2.88000,
,,,0.396920000000,  -2.92000,
,,,0.396924000000,  -2.92000,
,,,0.396928000000,  -2.92000,
,,,0.396932000000,  -2.96000,
,,,0.396936000000,  -2.96000,
,,,0.396940000000,  -2.96000,
,,,0.396944000000,  -3.00000,
,,,0.396948000000,  -3.04000,
,,,0.396952000000,  -3.00000,
,,,0.396956000000,  -3.08000,
,,,0.396960000000,  -3.08000,
,,,0.396964000000,  -3.04000,
,,,0.396968000000,  -3.08000,
,,,0.396972000000,  -3.12000,
,,,0.396976000000,  -3.12000,
,,,0.396980000000,  -3.12000,
,,,0.396984000000,  -3.12000,
,,,0.396988000000,  -3.16000,
,,,0.396992000000,  -3.16000,
,,,0.396996000000,  -3.16000,
,,,0.397000000000,  -3.16000,
,,,0.397004000000,  -3.16000,
,,,0.397008000000,  -3.20000,
,,,0.397012000000,  -3.20000,
,,,0.397016000000,  -3.16000,
,,,0.397020000000,  -3.20000,
,,,0.397024000000,  -3.20000,
,,,0.397028000000,  -3.20000,
,,,0.397032000000,  -3.20000,
,,,0.397036000000,  -3.20000,
,,,0.397040000000,  -3.24000,
,,,0.397044000000,  -3.24000,
,,,0.397048000000,  -3.24000,
,,,0.397052000000,  -3.24000,
,,,0.397056000000,  -3.20000,
,,,0.397060000000,  -3.24000,
,,,0.397064000000,  -3.24000,
,,,0.397068000000,  -3.20000,
,,,0.397072000000,  -3.20000,
,,,0.397076000000,  -3.20000,
,,,0.397080000000,  -3.20000,
,,,0.397084000000,  -3.20000,
,,,0.397088000000,  -3.20000,
,,,0.397092000000,  -3.20000,
,,,0.397096000000,  -3.20000,
,,,0.397100000000,  -3.20000,
,,,0.397104000000,  -3.20000,
,,,0.397108000000,  -3.20000,
,,,0.397112000000,  -3.20000,
,,,0.397116000000,  -3.16000,
,,,0.397120000000,  -3.16000,
,,,0.397124000000,  -3.12000,
,,,0.397128000000,  -3.16000,
,,,0.397132000000,  -3.12000,
,,,0.397136000000,  -3.12000,
,,,0.397140000000,  -3.08000,
,,,0.397144000000,  -3.08000,
,,,0.397148000000,  -3.08000,
,,,0.397152000000,  -3.08000,
,,,0.397156000000,  -3.04000,
,,,0.397160000000,  -3.04000,
,,,0.397164000000,  -3.04000,
,,,0.397168000000,  -3.04000,
,,,0.397172000000,  -3.00000,
,,,0.397176000000,  -3.00000,
,,,0.397180000000,  -3.00000,
,,,0.397184000000,  -2.96000,
,,,0.397188000000,  -2.96000,
,,,0.397192000000,  -2.92000,
,,,0.397196000000,  -2.88000,
,,,0.397200000000,  -2.88000,
,,,0.397204000000,  -2.88000,
,,,0.397208000000,  -2.84000,
,,,0.397212000000,  -2.84000,
,,,0.397216000000,  -2.80000,
,,,0.397220000000,  -2.80000,
,,,0.397224000000,  -2.76000,
,,,0.397228000000,  -2.72000,
,,,0.397232000000,  -2.72000,
,,,0.397236000000,  -2.68000,
,,,0.397240000000,  -2.68000,
,,,0.397244000000,  -2.64000,
,,,0.397248000000,  -2.64000,
,,,0.397252000000,  -2.56000,
,,,0.397256000000,  -2.56000,
,,,0.397260000000,  -2.56000,
,,,0.397264000000,  -2.52000,
,,,0.397268000000,  -2.48000,
,,,0.397272000000,  -2.48000,
,,,0.397276000000,  -2.44000,
,,,0.397280000000,  -2.44000,
,,,0.397284000000,  -2.40000,
,,,0.397288000000,  -2.36000,
,,,0.397292000000,  -2.36000,
,,,0.397296000000,  -2.28000,
,,,0.397300000000,  -2.28000,
,,,0.397304000000,  -2.24000,
,,,0.397308000000,  -2.24000,
,,,0.397312000000,  -2.20000,
,,,0.397316000000,  -2.16000,
,,,0.397320000000,  -2.12000,
,,,0.397324000000,  -2.12000,
,,,0.397328000000,  -2.04000,
,,,0.397332000000,  -2.00000,
,,,0.397336000000,  -1.96000,
,,,0.397340000000,  -1.96000,
,,,0.397344000000,  -1.92000,
,,,0.397348000000,  -1.88000,
,,,0.397352000000,  -1.84000,
,,,0.397356000000,  -1.80000,
,,,0.397360000000,  -1.80000,
,,,0.397364000000,  -1.72000,
,,,0.397368000000,  -1.72000,
,,,0.397372000000,  -1.68000,
,,,0.397376000000,  -1.64000,
,,,0.397380000000,  -1.60000,
,,,0.397384000000,  -1.56000,
,,,0.397388000000,  -1.56000,
,,,0.397392000000,  -1.52000,
,,,0.397396000000,  -1.44000,
,,,0.397400000000,  -1.44000,
,,,0.397404000000,  -1.40000,
,,,0.397408000000,  -1.36000,
,,,0.397412000000,  -1.28000,
,,,0.397416000000,  -1.28000,
,,,0.397420000000,  -1.24000,
,,,0.397424000000,  -1.20000,
,,,0.397428000000,  -1.16000,
,,,0.397432000000,  -1.08000,
,,,0.397436000000,  -1.08000,
,,,0.397440000000,  -1.00000,
,,,0.397444000000,  -0.96000,
,,,0.397448000000,  -0.96000,
,,,0.397452000000,  -0.92000,
,,,0.397456000000,  -0.88000,
,,,0.397460000000,  -0.84000,
,,,0.397464000000,  -0.76000,
,,,0.397468000000,  -0.76000,
,,,0.397472000000,  -0.72000,
,,,0.397476000000,  -0.68000,
,,,0.397480000000,  -0.60000,
,,,0.397484000000,  -0.60000,
,,,0.397488000000,  -0.56000,
,,,0.397492000000,  -0.52000,
,,,0.397496000000,  -0.44000,
,,,0.397500000000,  -0.40000,
,,,0.397504000000,  -0.36000,
,,,0.397508000000,  -0.32000,
,,,0.397512000000,  -0.28000,
,,,0.397516000000,  -0.24000,
,,,0.397520000000,  -0.20000,
,,,0.397524000000,  -0.16000,
,,,0.397528000000,  -0.12000,
,,,0.397532000000,  -0.08000,
,,,0.397536000000,   0.00000,
,,,0.397540000000,   0.04000,
,,,0.397544000000,   0.08000,
,,,0.397548000000,   0.08000,
,,,0.397552000000,   0.12000,
,,,0.397556000000,   0.16000,
,,,0.397560000000,   0.20000,
,,,0.397564000000,   0.24000,
,,,0.397568000000,   0.28000,
,,,0.397572000000,   0.36000,
,,,0.397576000000,   0.40000,
,,,0.397580000000,   0.44000,
,,,0.397584000000,   0.48000,
,,,0.397588000000,   0.52000,
,,,0.397592000000,   0.60000,
,,,0.397596000000,   0.56000,
,,,0.397600000000,   0.64000,
,,,0.397604000000,   0.68000,
,,,0.397608000000,   0.72000,
,,,0.397612000000,   0.76000,
,,,0.397616000000,   0.80000,
,,,0.397620000000,   0.84000,
,,,0.397624000000,   0.88000,
,,,0.397628000000,   0.96000,
,,,0.397632000000,   0.96000,
,,,0.397636000000,   1.00000,
,,,0.397640000000,   1.04000,
,,,0.397644000000,   1.08000,
,,,0.397648000000,   1.12000,
,,,0.397652000000,   1.16000,
,,,0.397656000000,   1.20000,
,,,0.397660000000,   1.24000,
,,,0.397664000000,   1.24000,
,,,0.397668000000,   1.32000,
,,,0.397672000000,   1.36000,
,,,0.397676000000,   1.40000,
,,,0.397680000000,   1.44000,
,,,0.397684000000,   1.48000,
,,,0.397688000000,   1.52000,
,,,0.397692000000,   1.56000,
,,,0.397696000000,   1.60000,
,,,0.397700000000,   1.64000,
,,,0.397704000000,   1.68000,
,,,0.397708000000,   1.68000,
,,,0.397712000000,   1.76000,
,,,0.397716000000,   1.76000,
,,,0.397720000000,   1.80000,
,,,0.397724000000,   1.84000,
,,,0.397728000000,   1.88000,
,,,0.397732000000,   1.92000,
,,,0.397736000000,   1.92000,
,,,0.397740000000,   1.96000,
,,,0.397744000000,   2.00000,
,,,0.397748000000,   2.08000,
,,,0.397752000000,   2.12000,
,,,0.397756000000,   2.12000,
,,,0.397760000000,   2.12000,
,,,0.397764000000,   2.16000,
,,,0.397768000000,   2.20000,
,,,0.397772000000,   2.24000,
,,,0.397776000000,   2.28000,
,,,0.397780000000,   2.28000,
,,,0.397784000000,   2.32000,
,,,0.397788000000,   2.36000,
,,,0.397792000000,   2.40000,
,,,0.397796000000,   2.40000,
,,,0.397800000000,   2.44000,
,,,0.397804000000,   2.44000,
,,,0.397808000000,   2.48000,
,,,0.397812000000,   2.52000,
,,,0.397816000000,   2.56000,
,,,0.397820000000,   2.60000,
,,,0.397824000000,   2.60000,
,,,0.397828000000,   2.64000,
,,,0.397832000000,   2.64000,
,,,0.397836000000,   2.64000,
,,,0.397840000000,   2.68000,
,,,0.397844000000,   2.68000,
,,,0.397848000000,   2.72000,
,,,0.397852000000,   2.76000,
,,,0.397856000000,   2.76000,
,,,0.397860000000,   2.80000,
,,,0.397864000000,   2.84000,
,,,0.397868000000,   2.84000,
,,,0.397872000000,   2.88000,
,,,0.397876000000,   2.88000,
,,,0.397880000000,   2.92000,
,,,0.397884000000,   2.88000,
,,,0.397888000000,   2.92000,
,,,0.397892000000,   2.96000,
,,,0.397896000000,   2.96000,
,,,0.397900000000,   2.96000,
,,,0.397904000000,   3.00000,
,,,0.397908000000,   3.00000,
,,,0.397912000000,   3.04000,
,,,0.397916000000,   3.04000,
,,,0.397920000000,   3.08000,
,,,0.397924000000,   3.04000,
,,,0.397928000000,   3.08000,
,,,0.397932000000,   3.08000,
,,,0.397936000000,   3.12000,
,,,0.397940000000,   3.12000,
,,,0.397944000000,   3.12000,
,,,0.397948000000,   3.16000,
,,,0.397952000000,   3.16000,
,,,0.397956000000,   3.16000,
,,,0.397960000000,   3.16000,
,,,0.397964000000,   3.20000,
,,,0.397968000000,   3.16000,
,,,0.397972000000,   3.20000,
,,,0.397976000000,   3.20000,
,,,0.397980000000,   3.20000,
,,,0.397984000000,   3.20000,
,,,0.397988000000,   3.20000,
,,,0.397992000000,   3.20000,
,,,0.397996000000,   3.24000,
,,,0.398000000000,   3.24000,
,,,0.398004000000,   3.24000,
,,,0.398008000000,   3.24000,
,,,0.398012000000,   3.20000,
,,,0.398016000000,   3.24000,
,,,0.398020000000,   3.24000,
,,,0.398024000000,   3.20000,
,,,0.398028000000,   3.20000,
,,,0.398032000000,   3.20000,
,,,0.398036000000,   3.24000,
,,,0.398040000000,   3.20000,
,,,0.398044000000,   3.20000,
,,,0.398048000000,   3.24000,
,,,0.398052000000,   3.20000,
,,,0.398056000000,   3.20000,
,,,0.398060000000,   3.20000,
,,,0.398064000000,   3.20000,
,,,0.398068000000,   3.16000,
,,,0.398072000000,   3.20000,
,,,0.398076000000,   3.16000,
,,,0.398080000000,   3.16000,
,,,0.398084000000,   3.16000,
,,,0.398088000000,   3.12000,
,,,0.398092000000,   3.16000,
,,,0.398096000000,   3.12000,
,,,0.398100000000,   3.12000,
,,,0.398104000000,   3.12000,
,,,0.398108000000,   3.12000,
,,,0.398112000000,   3.08000,
,,,0.398116000000,   3.08000,
,,,0.398120000000,   3.04000,
,,,0.398124000000,   3.04000,
,,,0.398128000000,   3.04000,
,,,0.398132000000,   3.00000,
,,,0.398136000000,   3.00000,
,,,0.398140000000,   2.96000,
,,,0.398144000000,   2.96000,
,,,0.398148000000,   2.96000,
,,,0.398152000000,   2.92000,
,,,0.398156000000,   2.92000,
,,,0.398160000000,   2.88000,
,,,0.398164000000,   2.84000,
,,,0.398168000000,   2.84000,
,,,0.398172000000,   2.84000,
,,,0.398176000000,   2.80000,
,,,0.398180000000,   2.76000,
,,,0.398184000000,   2.76000,
,,,0.398188000000,   2.76000,
,,,0.398192000000,   2.72000,
,,,0.398196000000,   2.72000,
,,,0.398200000000,   2.68000,
,,,0.398204000000,   2.64000,
,,,0.398208000000,   2.60000,
,,,0.398212000000,   2.64000,
,,,0.398216000000,   2.60000,
,,,0.398220000000,   2.56000,
,,,0.398224000000,   2.56000,
,,,0.398228000000,   2.52000,
,,,0.398232000000,   2.48000,
,,,0.398236000000,   2.44000,
,,,0.398240000000,   2.40000,
,,,0.398244000000,   2.40000,
,,,0.398248000000,   2.36000,
,,,0.398252000000,   2.36000,
,,,0.398256000000,   2.32000,
,,,0.398260000000,   2.28000,
,,,0.398264000000,   2.24000,
,,,0.398268000000,   2.24000,
,,,0.398272000000,   2.16000,
,,,0.398276000000,   2.16000,
,,,0.398280000000,   2.12000,
,,,0.398284000000,   2.12000,
,,,0.398288000000,   2.04000,
,,,0.398292000000,   2.04000,
,,,0.398296000000,   2.00000,
,,,0.398300000000,   1.96000,
,,,0.398304000000,   1.92000,
,,,0.398308000000,   1.92000,
,,,0.398312000000,   1.88000,
,,,0.398316000000,   1.80000,
,,,0.398320000000,   1.80000,
,,,0.398324000000,   1.76000,
,,,0.398328000000,   1.72000,
,,,0.398332000000,   1.68000,
,,,0.398336000000,   1.64000,
,,,0.398340000000,   1.60000,
,,,0.398344000000,   1.56000,
,,,0.398348000000,   1.52000,
,,,0.398352000000,   1.52000,
,,,0.398356000000,   1.44000,
,,,0.398360000000,   1.40000,
,,,0.398364000000,   1.36000,
,,,0.398368000000,   1.36000,
,,,0.398372000000,   1.28000,
,,,0.398376000000,   1.24000,
,,,0.398380000000,   1.24000,
,,,0.398384000000,   1.20000,
,,,0.398388000000,   1.16000,
,,,0.398392000000,   1.08000,
,,,0.398396000000,   1.08000,
,,,0.398400000000,   1.04000,
,,,0.398404000000,   0.96000,
,,,0.398408000000,   0.96000,
,,,0.398412000000,   0.88000,
,,,0.398416000000,   0.88000,
,,,0.398420000000,   0.84000,
,,,0.398424000000,   0.80000,
,,,0.398428000000,   0.76000,
,,,0.398432000000,   0.72000,
,,,0.398436000000,   0.68000,
,,,0.398440000000,   0.60000,
,,,0.398444000000,   0.60000,
,,,0.398448000000,   0.52000,
,,,0.398452000000,   0.52000,
,,,0.398456000000,   0.44000,
,,,0.398460000000,   0.40000,
,,,0.398464000000,   0.36000,
,,,0.398468000000,   0.32000,
,,,0.398472000000,   0.28000,
,,,0.398476000000,   0.20000,
,,,0.398480000000,   0.20000,
,,,0.398484000000,   0.16000,
,,,0.398488000000,   0.12000,
,,,0.398492000000,   0.08000,
,,,0.398496000000,   0.04000,
,,,0.398500000000,  -0.04000,
,,,0.398504000000,  -0.08000,
,,,0.398508000000,  -0.08000,
,,,0.398512000000,  -0.16000,
,,,0.398516000000,  -0.16000,
,,,0.398520000000,  -0.20000,
,,,0.398524000000,  -0.28000,
,,,0.398528000000,  -0.32000,
,,,0.398532000000,  -0.32000,
,,,0.398536000000,  -0.40000,
,,,0.398540000000,  -0.44000,
,,,0.398544000000,  -0.48000,
,,,0.398548000000,  -0.52000,
,,,0.398552000000,  -0.56000,
,,,0.398556000000,  -0.60000,
,,,0.398560000000,  -0.64000,
,,,0.398564000000,  -0.68000,
,,,0.398568000000,  -0.72000,
,,,0.398572000000,  -0.76000,
,,,0.398576000000,  -0.80000,
,,,0.398580000000,  -0.84000,
,,,0.398584000000,  -0.88000,
,,,0.398588000000,  -0.92000,
,,,0.398592000000,  -0.96000,
,,,0.398596000000,  -1.00000,
,,,0.398600000000,  -1.04000,
,,,0.398604000000,  -1.08000,
,,,0.398608000000,  -1.16000,
,,,0.398612000000,  -1.16000,
,,,0.398616000000,  -1.24000,
,,,0.398620000000,  -1.24000,
,,,0.398624000000,  -1.28000,
,,,0.398628000000,  -1.32000,
,,,0.398632000000,  -1.36000,
,,,0.398636000000,  -1.40000,
,,,0.398640000000,  -1.44000,
,,,0.398644000000,  -1.48000,
,,,0.398648000000,  -1.52000,
,,,0.398652000000,  -1.56000,
,,,0.398656000000,  -1.60000,
,,,0.398660000000,  -1.64000,
,,,0.398664000000,  -1.68000,
,,,0.398668000000,  -1.72000,
,,,0.398672000000,  -1.72000,
,,,0.398676000000,  -1.80000,
,,,0.398680000000,  -1.80000,
,,,0.398684000000,  -1.84000,
,,,0.398688000000,  -1.88000,
,,,0.398692000000,  -1.92000,
,,,0.398696000000,  -1.96000,
,,,0.398700000000,  -2.00000,
,,,0.398704000000,  -2.00000,
,,,0.398708000000,  -2.04000,
,,,0.398712000000,  -2.12000,
,,,0.398716000000,  -2.12000,
,,,0.398720000000,  -2.12000,
,,,0.398724000000,  -2.16000,
,,,0.398728000000,  -2.20000,
,,,0.398732000000,  -2.24000,
,,,0.398736000000,  -2.28000,
,,,0.398740000000,  -2.28000,
,,,0.398744000000,  -2.32000,
,,,0.398748000000,  -2.36000,
,,,0.398752000000,  -2.40000,
,,,0.398756000000,  -2.40000,
,,,0.398760000000,  -2.44000,
,,,0.398764000000,  -2.48000,
,,,0.398768000000,  -2.48000,
,,,0.398772000000,  -2.52000,
,,,0.398776000000,  -2.56000,
,,,0.398780000000,  -2.56000,
,,,0.398784000000,  -2.60000,
,,,0.398788000000,  -2.64000,
,,,0.398792000000,  -2.64000,
,,,0.398796000000,  -2.64000,
,,,0.398800000000,  -2.68000,
,,,0.398804000000,  -2.72000,
,,,0.398808000000,  -2.72000,
,,,0.398812000000,  -2.76000,
,,,0.398816000000,  -2.76000,
,,,0.398820000000,  -2.80000,
,,,0.398824000000,  -2.80000,
,,,0.398828000000,  -2.84000,
,,,0.398832000000,  -2.84000,
,,,0.398836000000,  -2.88000,
,,,0.398840000000,  -2.88000,
,,,0.398844000000,  -2.92000,
,,,0.398848000000,  -2.96000,
,,,0.398852000000,  -2.92000,
,,,0.398856000000,  -2.96000,
,,,0.398860000000,  -3.00000,
,,,0.398864000000,  -3.00000,
,,,0.398868000000,  -3.00000,
,,,0.398872000000,  -3.04000,
,,,0.398876000000,  -3.04000,
,,,0.398880000000,  -3.04000,
,,,0.398884000000,  -3.04000,
,,,0.398888000000,  -3.08000,
,,,0.398892000000,  -3.08000,
,,,0.398896000000,  -3.12000,
,,,0.398900000000,  -3.12000,
,,,0.398904000000,  -3.12000,
,,,0.398908000000,  -3.12000,
,,,0.398912000000,  -3.16000,
,,,0.398916000000,  -3.16000,
,,,0.398920000000,  -3.16000,
,,,0.398924000000,  -3.16000,
,,,0.398928000000,  -3.20000,
,,,0.398932000000,  -3.20000,
,,,0.398936000000,  -3.20000,
,,,0.398940000000,  -3.20000,
,,,0.398944000000,  -3.20000,
,,,0.398948000000,  -3.20000,
,,,0.398952000000,  -3.24000,
,,,0.398956000000,  -3.20000,
,,,0.398960000000,  -3.24000,
,,,0.398964000000,  -3.20000,
,,,0.398968000000,  -3.20000,
,,,0.398972000000,  -3.24000,
,,,0.398976000000,  -3.20000,
,,,0.398980000000,  -3.20000,
,,,0.398984000000,  -3.20000,
,,,0.398988000000,  -3.20000,
,,,0.398992000000,  -3.20000,
,,,0.398996000000,  -3.20000,
,,,0.399000000000,  -3.20000,
,,,0.399004000000,  -3.20000,
,,,0.399008000000,  -3.20000,
,,,0.399012000000,  -3.20000,
,,,0.399016000000,  -3.20000,
,,,0.399020000000,  -3.20000,
,,,0.399024000000,  -3.20000,
,,,0.399028000000,  -3.16000,
,,,0.399032000000,  -3.20000,
,,,0.399036000000,  -3.20000,
,,,0.399040000000,  -3.16000,
,,,0.399044000000,  -3.16000,
,,,0.399048000000,  -3.16000,
,,,0.399052000000,  -3.16000,
,,,0.399056000000,  -3.12000,
,,,0.399060000000,  -3.12000,
,,,0.399064000000,  -3.12000,
,,,0.399068000000,  -3.12000,
,,,0.399072000000,  -3.08000,
,,,0.399076000000,  -3.08000,
,,,0.399080000000,  -3.04000,
,,,0.399084000000,  -3.04000,
,,,0.399088000000,  -3.04000,
,,,0.399092000000,  -2.96000,
,,,0.399096000000,  -3.00000,
,,,0.399100000000,  -2.96000,
,,,0.399104000000,  -2.96000,
,,,0.399108000000,  -2.92000,
,,,0.399112000000,  -2.92000,
,,,0.399116000000,  -2.92000,
,,,0.399120000000,  -2.88000,
,,,0.399124000000,  -2.88000,
,,,0.399128000000,  -2.88000,
,,,0.399132000000,  -2.84000,
,,,0.399136000000,  -2.80000,
,,,0.399140000000,  -2.76000,
,,,0.399144000000,  -2.80000,
,,,0.399148000000,  -2.72000,
,,,0.399152000000,  -2.72000,
,,,0.399156000000,  -2.72000,
,,,0.399160000000,  -2.68000,
,,,0.399164000000,  -2.64000,
,,,0.399168000000,  -2.64000,
,,,0.399172000000,  -2.60000,
,,,0.399176000000,  -2.56000,
,,,0.399180000000,  -2.56000,
,,,0.399184000000,  -2.52000,
,,,0.399188000000,  -2.48000,
,,,0.399192000000,  -2.48000,
,,,0.399196000000,  -2.44000,
,,,0.399200000000,  -2.44000,
,,,0.399204000000,  -2.40000,
,,,0.399208000000,  -2.36000,
,,,0.399212000000,  -2.32000,
,,,0.399216000000,  -2.32000,
,,,0.399220000000,  -2.28000,
,,,0.399224000000,  -2.28000,
,,,0.399228000000,  -2.20000,
,,,0.399232000000,  -2.20000,
,,,0.399236000000,  -2.16000,
,,,0.399240000000,  -2.12000,
,,,0.399244000000,  -2.08000,
,,,0.399248000000,  -2.08000,
,,,0.399252000000,  -2.04000,
,,,0.399256000000,  -2.00000,
,,,0.399260000000,  -1.96000,
,,,0.399264000000,  -1.92000,
,,,0.399268000000,  -1.88000,
,,,0.399272000000,  -1.88000,
,,,0.399276000000,  -1.80000,
,,,0.399280000000,  -1.76000,
,,,0.399284000000,  -1.76000,
,,,0.399288000000,  -1.72000,
,,,0.399292000000,  -1.68000,
,,,0.399296000000,  -1.64000,
,,,0.399300000000,  -1.60000,
,,,0.399304000000,  -1.60000,
,,,0.399308000000,  -1.56000,
,,,0.399312000000,  -1.52000,
,,,0.399316000000,  -1.44000,
,,,0.399320000000,  -1.44000,
,,,0.399324000000,  -1.40000,
,,,0.399328000000,  -1.36000,
,,,0.399332000000,  -1.32000,
,,,0.399336000000,  -1.28000,
,,,0.399340000000,  -1.24000,
,,,0.399344000000,  -1.20000,
,,,0.399348000000,  -1.16000,
,,,0.399352000000,  -1.12000,
,,,0.399356000000,  -1.08000,
,,,0.399360000000,  -1.04000,
,,,0.399364000000,  -1.00000,
,,,0.399368000000,  -0.96000,
,,,0.399372000000,  -0.92000,
,,,0.399376000000,  -0.88000,
,,,0.399380000000,  -0.84000,
,,,0.399384000000,  -0.80000,
,,,0.399388000000,  -0.76000,
,,,0.399392000000,  -0.72000,
,,,0.399396000000,  -0.68000,
,,,0.399400000000,  -0.64000,
,,,0.399404000000,  -0.60000,
,,,0.399408000000,  -0.56000,
,,,0.399412000000,  -0.52000,
,,,0.399416000000,  -0.44000,
,,,0.399420000000,  -0.44000,
,,,0.399424000000,  -0.36000,
,,,0.399428000000,  -0.36000,
,,,0.399432000000,  -0.28000,
,,,0.399436000000,  -0.24000,
,,,0.399440000000,  -0.20000,
,,,0.399444000000,  -0.16000,
,,,0.399448000000,  -0.12000,
,,,0.399452000000,  -0.08000,
,,,0.399456000000,  -0.04000,
,,,0.399460000000,   0.00000,
,,,0.399464000000,   0.04000,
,,,0.399468000000,   0.08000,
,,,0.399472000000,   0.12000,
,,,0.399476000000,   0.20000,
,,,0.399480000000,   0.20000,
,,,0.399484000000,   0.24000,
,,,0.399488000000,   0.28000,
,,,0.399492000000,   0.32000,
,,,0.399496000000,   0.36000,
,,,0.399500000000,   0.40000,
,,,0.399504000000,   0.44000,
,,,0.399508000000,   0.48000,
,,,0.399512000000,   0.56000,
,,,0.399516000000,   0.60000,
,,,0.399520000000,   0.60000,
,,,0.399524000000,   0.68000,
,,,0.399528000000,   0.72000,
,,,0.399532000000,   0.76000,
,,,0.399536000000,   0.80000,
,,,0.399540000000,   0.84000,
,,,0.399544000000,   0.88000,
,,,0.399548000000,   0.92000,
,,,0.399552000000,   0.96000,
,,,0.399556000000,   1.00000,
,,,0.399560000000,   1.04000,
,,,0.399564000000,   1.08000,
,,,0.399568000000,   1.08000,
,,,0.399572000000,   1.12000,
,,,0.399576000000,   1.20000,
,,,0.399580000000,   1.24000,
,,,0.399584000000,   1.28000,
,,,0.399588000000,   1.32000,
,,,0.399592000000,   1.36000,
,,,0.399596000000,   1.40000,
,,,0.399600000000,   1.44000,
,,,0.399604000000,   1.48000,
,,,0.399608000000,   1.48000,
,,,0.399612000000,   1.56000,
,,,0.399616000000,   1.60000,
,,,0.399620000000,   1.60000,
,,,0.399624000000,   1.64000,
,,,0.399628000000,   1.68000,
,,,0.399632000000,   1.72000,
,,,0.399636000000,   1.80000,
,,,0.399640000000,   1.80000,
,,,0.399644000000,   1.84000,
,,,0.399648000000,   1.88000,
,,,0.399652000000,   1.92000,
,,,0.399656000000,   1.96000,
,,,0.399660000000,   1.96000,
,,,0.399664000000,   2.00000,
,,,0.399668000000,   2.04000,
,,,0.399672000000,   2.08000,
,,,0.399676000000,   2.12000,
,,,0.399680000000,   2.16000,
,,,0.399684000000,   2.16000,
,,,0.399688000000,   2.20000,
,,,0.399692000000,   2.24000,
,,,0.399696000000,   2.24000,
,,,0.399700000000,   2.28000,
,,,0.399704000000,   2.32000,
,,,0.399708000000,   2.36000,
,,,0.399712000000,   2.36000,
,,,0.399716000000,   2.40000,
,,,0.399720000000,   2.44000,
,,,0.399724000000,   2.44000,
,,,0.399728000000,   2.48000,
,,,0.399732000000,   2.52000,
,,,0.399736000000,   2.56000,
,,,0.399740000000,   2.60000,
,,,0.399744000000,   2.60000,
,,,0.399748000000,   2.60000,
,,,0.399752000000,   2.64000,
,,,0.399756000000,   2.64000,
,,,0.399760000000,   2.68000,
,,,0.399764000000,   2.68000,
,,,0.399768000000,   2.76000,
,,,0.399772000000,   2.76000,
,,,0.399776000000,   2.76000,
,,,0.399780000000,   2.80000,
,,,0.399784000000,   2.80000,
,,,0.399788000000,   2.84000,
,,,0.399792000000,   2.88000,
,,,0.399796000000,   2.88000,
,,,0.399800000000,   2.92000,
,,,0.399804000000,   2.92000,
,,,0.399808000000,   2.92000,
,,,0.399812000000,   2.96000,
,,,0.399816000000,   2.96000,
,,,0.399820000000,   3.00000,
,,,0.399824000000,   3.00000,
,,,0.399828000000,   3.04000,
,,,0.399832000000,   3.04000,
,,,0.399836000000,   3.04000,
,,,0.399840000000,   3.08000,
,,,0.399844000000,   3.04000,
,,,0.399848000000,   3.08000,
,,,0.399852000000,   3.08000,
,,,0.399856000000,   3.12000,
,,,0.399860000000,   3.12000,
,,,0.399864000000,   3.12000,
,,,0.399868000000,   3.16000,
,,,0.399872000000,   3.16000,
,,,0.399876000000,   3.16000,
,,,0.399880000000,   3.16000,
,,,0.399884000000,   3.16000,
,,,0.399888000000,   3.16000,
,,,0.399892000000,   3.20000,
,,,0.399896000000,   3.16000,
,,,0.399900000000,   3.20000,
,,,0.399904000000,   3.20000,
,,,0.399908000000,   3.20000,
,,,0.399912000000,   3.20000,
,,,0.399916000000,   3.20000,
,,,0.399920000000,   3.20000,
,,,0.399924000000,   3.20000,
,,,0.399928000000,   3.20000,
,,,0.399932000000,   3.24000,
,,,0.399936000000,   3.24000,
,,,0.399940000000,   3.24000,
,,,0.399944000000,   3.24000,
,,,0.399948000000,   3.20000,
,,,0.399952000000,   3.24000,
,,,0.399956000000,   3.20000,
,,,0.399960000000,   3.24000,
,,,0.399964000000,   3.24000,
,,,0.399968000000,   3.24000,
,,,0.399972000000,   3.20000,
,,,0.399976000000,   3.20000,
,,,0.399980000000,   3.20000,
,,,0.399984000000,   3.20000,
,,,0.399988000000,   3.20000,
,,,0.399992000000,   3.16000,
,,,0.399996000000,   3.20000,
,,,0.400000000000,   3.16000,
,,,0.400004000000,   3.16000,
,,,0.400008000000,   3.16000,
,,,0.400012000000,   3.16000,
,,,0.400016000000,   3.12000,
,,,0.400020000000,   3.12000,
,,,0.400024000000,   3.08000,
,,,0.400028000000,   3.08000,
,,,0.400032000000,   3.08000,
,,,0.400036000000,   3.08000,
,,,0.400040000000,   3.04000,
,,,0.400044000000,   3.04000,
,,,0.400048000000,   3.04000,
,,,0.400052000000,   3.00000,
,,,0.400056000000,   3.00000,
,,,0.400060000000,   2.96000,
,,,0.400064000000,   2.96000,
,,,0.400068000000,   2.96000,
,,,0.400072000000,   2.92000,
,,,0.400076000000,   2.92000,
,,,0.400080000000,   2.88000,
,,,0.400084000000,   2.88000,
,,,0.400088000000,   2.88000,
,,,0.400092000000,   2.84000,
,,,0.400096000000,   2.84000,
,,,0.400100000000,   2.80000,
,,,0.400104000000,   2.76000,
,,,0.400108000000,   2.76000,
,,,0.400112000000,   2.72000,
,,,0.400116000000,   2.72000,
,,,0.400120000000,   2.64000,
,,,0.400124000000,   2.68000,
,,,0.400128000000,   2.64000,
,,,0.400132000000,   2.60000,
,,,0.400136000000,   2.60000,
,,,0.400140000000,   2.56000,
,,,0.400144000000,   2.52000,
,,,0.400148000000,   2.52000,
,,,0.400152000000,   2.48000,
,,,0.400156000000,   2.44000,
,,,0.400160000000,   2.44000,
,,,0.400164000000,   2.40000,
,,,0.400168000000,   2.36000,
,,,0.400172000000,   2.36000,
,,,0.400176000000,   2.32000,
,,,0.400180000000,   2.28000,
,,,0.400184000000,   2.24000,
,,,0.400188000000,   2.20000,
,,,0.400192000000,   2.20000,
,,,0.400196000000,   2.16000,
,,,0.400200000000,   2.16000,
,,,0.400204000000,   2.12000,
,,,0.400208000000,   2.08000,
,,,0.400212000000,   2.04000,
,,,0.400216000000,   2.00000,
,,,0.400220000000,   2.00000,
,,,0.400224000000,   1.92000,
,,,0.400228000000,   1.92000,
,,,0.400232000000,   1.84000,
,,,0.400236000000,   1.88000,
,,,0.400240000000,   1.80000,
,,,0.400244000000,   1.76000,
,,,0.400248000000,   1.72000,
,,,0.400252000000,   1.72000,
,,,0.400256000000,   1.64000,
,,,0.400260000000,   1.60000,
,,,0.400264000000,   1.60000,
,,,0.400268000000,   1.52000,
,,,0.400272000000,   1.52000,
,,,0.400276000000,   1.48000,
,,,0.400280000000,   1.44000,
,,,0.400284000000,   1.40000,
,,,0.400288000000,   1.36000,
,,,0.400292000000,   1.28000,
,,,0.400296000000,   1.24000,
,,,0.400300000000,   1.20000,
,,,0.400304000000,   1.20000,
,,,0.400308000000,   1.12000,
,,,0.400312000000,   1.08000,
,,,0.400316000000,   1.08000,
,,,0.400320000000,   1.00000,
,,,0.400324000000,   1.00000,
,,,0.400328000000,   0.96000,
,,,0.400332000000,   0.88000,
,,,0.400336000000,   0.88000,
,,,0.400340000000,   0.84000,
,,,0.400344000000,   0.80000,
,,,0.400348000000,   0.76000,
,,,0.400352000000,   0.72000,
,,,0.400356000000,   0.64000,
,,,0.400360000000,   0.60000,
,,,0.400364000000,   0.60000,
,,,0.400368000000,   0.56000,
,,,0.400372000000,   0.52000,
,,,0.400376000000,   0.44000,
,,,0.400380000000,   0.40000,
,,,0.400384000000,   0.36000,
,,,0.400388000000,   0.32000,
,,,0.400392000000,   0.28000,
,,,0.400396000000,   0.28000,
,,,0.400400000000,   0.20000,
,,,0.400404000000,   0.16000,
,,,0.400408000000,   0.12000,
,,,0.400412000000,   0.08000,
,,,0.400416000000,   0.04000,
,,,0.400420000000,  -0.04000,
,,,0.400424000000,  -0.04000,
,,,0.400428000000,  -0.08000,
,,,0.400432000000,  -0.12000,
,,,0.400436000000,  -0.16000,
,,,0.400440000000,  -0.20000,
,,,0.400444000000,  -0.24000,
,,,0.400448000000,  -0.32000,
,,,0.400452000000,  -0.36000,
,,,0.400456000000,  -0.40000,
,,,0.400460000000,  -0.44000,
,,,0.400464000000,  -0.48000,
,,,0.400468000000,  -0.52000,
,,,0.400472000000,  -0.56000,
,,,0.400476000000,  -0.60000,
,,,0.400480000000,  -0.64000,
,,,0.400484000000,  -0.68000,
,,,0.400488000000,  -0.72000,
,,,0.400492000000,  -0.76000,
,,,0.400496000000,  -0.80000,
,,,0.400500000000,  -0.88000,
,,,0.400504000000,  -0.88000,
,,,0.400508000000,  -0.92000,
,,,0.400512000000,  -0.96000,
,,,0.400516000000,  -1.00000,
,,,0.400520000000,  -1.04000,
,,,0.400524000000,  -1.08000,
,,,0.400528000000,  -1.16000,
,,,0.400532000000,  -1.16000,
,,,0.400536000000,  -1.20000,
,,,0.400540000000,  -1.28000,
,,,0.400544000000,  -1.28000,
,,,0.400548000000,  -1.32000,
,,,0.400552000000,  -1.36000,
,,,0.400556000000,  -1.36000,
,,,0.400560000000,  -1.44000,
,,,0.400564000000,  -1.48000,
,,,0.400568000000,  -1.52000,
,,,0.400572000000,  -1.56000,
,,,0.400576000000,  -1.56000,
,,,0.400580000000,  -1.64000,
,,,0.400584000000,  -1.64000,
,,,0.400588000000,  -1.68000,
,,,0.400592000000,  -1.72000,
,,,0.400596000000,  -1.76000,
,,,0.400600000000,  -1.80000,
,,,0.400604000000,  -1.84000,
,,,0.400608000000,  -1.88000,
,,,0.400612000000,  -1.92000,
,,,0.400616000000,  -1.96000,
,,,0.400620000000,  -2.00000,
,,,0.400624000000,  -2.00000,
,,,0.400628000000,  -2.04000,
,,,0.400632000000,  -2.08000,
,,,0.400636000000,  -2.08000,
,,,0.400640000000,  -2.16000,
,,,0.400644000000,  -2.16000,
,,,0.400648000000,  -2.16000,
,,,0.400652000000,  -2.24000,
,,,0.400656000000,  -2.24000,
,,,0.400660000000,  -2.28000,
,,,0.400664000000,  -2.32000,
,,,0.400668000000,  -2.36000,
,,,0.400672000000,  -2.36000,
,,,0.400676000000,  -2.40000,
,,,0.400680000000,  -2.40000,
,,,0.400684000000,  -2.44000,
,,,0.400688000000,  -2.48000,
,,,0.400692000000,  -2.52000,
,,,0.400696000000,  -2.52000,
,,,0.400700000000,  -2.56000,
,,,0.400704000000,  -2.56000,
,,,0.400708000000,  -2.60000,
,,,0.400712000000,  -2.60000,
,,,0.400716000000,  -2.68000,
,,,0.400720000000,  -2.68000,
,,,0.400724000000,  -2.72000,
,,,0.400728000000,  -2.76000,
,,,0.400732000000,  -2.72000,
,,,0.400736000000,  -2.76000,
,,,0.400740000000,  -2.80000,
,,,0.400744000000,  -2.80000,
,,,0.400748000000,  -2.84000,
,,,0.400752000000,  -2.84000,
,,,0.400756000000,  -2.88000,
,,,0.400760000000,  -2.92000,
,,,0.400764000000,  -2.92000,
,,,0.400768000000,  -2.92000,
,,,0.400772000000,  -2.92000,
,,,0.400776000000,  -2.96000,
,,,0.400780000000,  -2.96000,
,,,0.400784000000,  -3.00000,
,,,0.400788000000,  -3.00000,
,,,0.400792000000,  -3.04000,
,,,0.400796000000,  -3.04000,
,,,0.400800000000,  -3.04000,
,,,0.400804000000,  -3.04000,
,,,0.400808000000,  -3.08000,
,,,0.400812000000,  -3.12000,
,,,0.400816000000,  -3.08000,
,,,0.400820000000,  -3.12000,
,,,0.400824000000,  -3.12000,
,,,0.400828000000,  -3.16000,
,,,0.400832000000,  -3.16000,
,,,0.400836000000,  -3.16000,
,,,0.400840000000,  -3.16000,
,,,0.400844000000,  -3.16000,
,,,0.400848000000,  -3.16000,
,,,0.400852000000,  -3.20000,
,,,0.400856000000,  -3.16000,
,,,0.400860000000,  -3.16000,
,,,0.400864000000,  -3.20000,
,,,0.400868000000,  -3.20000,
,,,0.400872000000,  -3.20000,
,,,0.400876000000,  -3.24000,
,,,0.400880000000,  -3.20000,
,,,0.400884000000,  -3.20000,
,,,0.400888000000,  -3.24000,
,,,0.400892000000,  -3.24000,
,,,0.400896000000,  -3.24000,
,,,0.400900000000,  -3.20000,
,,,0.400904000000,  -3.20000,
,,,0.400908000000,  -3.24000,
,,,0.400912000000,  -3.24000,
,,,0.400916000000,  -3.24000,
,,,0.400920000000,  -3.24000,
,,,0.400924000000,  -3.20000,
,,,0.400928000000,  -3.20000,
,,,0.400932000000,  -3.20000,
,,,0.400936000000,  -3.20000,
,,,0.400940000000,  -3.20000,
,,,0.400944000000,  -3.20000,
,,,0.400948000000,  -3.16000,
,,,0.400952000000,  -3.16000,
,,,0.400956000000,  -3.16000,
,,,0.400960000000,  -3.16000,
,,,0.400964000000,  -3.16000,
,,,0.400968000000,  -3.16000,
,,,0.400972000000,  -3.12000,
,,,0.400976000000,  -3.12000,
,,,0.400980000000,  -3.12000,
,,,0.400984000000,  -3.12000,
,,,0.400988000000,  -3.08000,
,,,0.400992000000,  -3.08000,
,,,0.400996000000,  -3.08000,
,,,0.401000000000,  -3.04000,
,,,0.401004000000,  -3.04000,
,,,0.401008000000,  -3.04000,
,,,0.401012000000,  -3.00000,
,,,0.401016000000,  -3.00000,
,,,0.401020000000,  -3.00000,
,,,0.401024000000,  -2.96000,
,,,0.401028000000,  -2.96000,
,,,0.401032000000,  -2.92000,
,,,0.401036000000,  -2.92000,
,,,0.401040000000,  -2.92000,
,,,0.401044000000,  -2.88000,
,,,0.401048000000,  -2.88000,
,,,0.401052000000,  -2.84000,
,,,0.401056000000,  -2.80000,
,,,0.401060000000,  -2.80000,
,,,0.401064000000,  -2.76000,
,,,0.401068000000,  -2.76000,
,,,0.401072000000,  -2.72000,
,,,0.401076000000,  -2.68000,
,,,0.401080000000,  -2.68000,
,,,0.401084000000,  -2.68000,
,,,0.401088000000,  -2.64000,
,,,0.401092000000,  -2.60000,
,,,0.401096000000,  -2.60000,
,,,0.401100000000,  -2.52000,
,,,0.401104000000,  -2.52000,
,,,0.401108000000,  -2.52000,
,,,0.401112000000,  -2.48000,
,,,0.401116000000,  -2.44000,
,,,0.401120000000,  -2.44000,
,,,0.401124000000,  -2.40000,
,,,0.401128000000,  -2.40000,
,,,0.401132000000,  -2.36000,
,,,0.401136000000,  -2.32000,
,,,0.401140000000,  -2.32000,
,,,0.401144000000,  -2.28000,
,,,0.401148000000,  -2.24000,
,,,0.401152000000,  -2.20000,
,,,0.401156000000,  -2.16000,
,,,0.401160000000,  -2.16000,
,,,0.401164000000,  -2.12000,
,,,0.401168000000,  -2.08000,
,,,0.401172000000,  -2.04000,
,,,0.401176000000,  -2.04000,
,,,0.401180000000,  -2.00000,
,,,0.401184000000,  -1.96000,
,,,0.401188000000,  -1.92000,
,,,0.401192000000,  -1.88000,
,,,0.401196000000,  -1.84000,
,,,0.401200000000,  -1.80000,
,,,0.401204000000,  -1.80000,
,,,0.401208000000,  -1.72000,
,,,0.401212000000,  -1.68000,
,,,0.401216000000,  -1.68000,
,,,0.401220000000,  -1.64000,
,,,0.401224000000,  -1.56000,
,,,0.401228000000,  -1.56000,
,,,0.401232000000,  -1.52000,
,,,0.401236000000,  -1.48000,
,,,0.401240000000,  -1.44000,
,,,0.401244000000,  -1.40000,
,,,0.401248000000,  -1.36000,
,,,0.401252000000,  -1.32000,
,,,0.401256000000,  -1.28000,
,,,0.401260000000,  -1.28000,
,,,0.401264000000,  -1.20000,
,,,0.401268000000,  -1.16000,
,,,0.401272000000,  -1.12000,
,,,0.401276000000,  -1.08000,
,,,0.401280000000,  -1.08000,
,,,0.401284000000,  -1.04000,
,,,0.401288000000,  -0.96000,
,,,0.401292000000,  -0.92000,
,,,0.401296000000,  -0.92000,
,,,0.401300000000,  -0.84000,
,,,0.401304000000,  -0.80000,
,,,0.401308000000,  -0.76000,
,,,0.401312000000,  -0.72000,
,,,0.401316000000,  -0.68000,
,,,0.401320000000,  -0.64000,
,,,0.401324000000,  -0.60000,
,,,0.401328000000,  -0.56000,
,,,0.401332000000,  -0.52000,
,,,0.401336000000,  -0.48000,
,,,0.401340000000,  -0.44000,
,,,0.401344000000,  -0.40000,
,,,0.401348000000,  -0.36000,
,,,0.401352000000,  -0.32000,
,,,0.401356000000,  -0.24000,
,,,0.401360000000,  -0.24000,
,,,0.401364000000,  -0.16000,
,,,0.401368000000,  -0.12000,
,,,0.401372000000,  -0.08000,
,,,0.401376000000,  -0.04000,
,,,0.401380000000,   0.00000,
,,,0.401384000000,   0.04000,
,,,0.401388000000,   0.08000,
,,,0.401392000000,   0.12000,
,,,0.401396000000,   0.16000,
,,,0.401400000000,   0.20000,
,,,0.401404000000,   0.24000,
,,,0.401408000000,   0.28000,
,,,0.401412000000,   0.32000,
,,,0.401416000000,   0.36000,
,,,0.401420000000,   0.44000,
,,,0.401424000000,   0.44000,
,,,0.401428000000,   0.48000,
,,,0.401432000000,   0.52000,
,,,0.401436000000,   0.56000,
,,,0.401440000000,   0.64000,
,,,0.401444000000,   0.64000,
,,,0.401448000000,   0.72000,
,,,0.401452000000,   0.72000,
,,,0.401456000000,   0.76000,
,,,0.401460000000,   0.80000,
,,,0.401464000000,   0.88000,
,,,0.401468000000,   0.92000,
,,,0.401472000000,   0.96000,
,,,0.401476000000,   1.00000,
,,,0.401480000000,   1.00000,
,,,0.401484000000,   1.04000,
,,,0.401488000000,   1.12000,
,,,0.401492000000,   1.16000,
,,,0.401496000000,   1.16000,
,,,0.401500000000,   1.24000,
,,,0.401504000000,   1.28000,
,,,0.401508000000,   1.28000,
,,,0.401512000000,   1.36000,
,,,0.401516000000,   1.40000,
,,,0.401520000000,   1.40000,
,,,0.401524000000,   1.44000,
,,,0.401528000000,   1.52000,
,,,0.401532000000,   1.52000,
,,,0.401536000000,   1.56000,
,,,0.401540000000,   1.60000,
,,,0.401544000000,   1.64000,
,,,0.401548000000,   1.68000,
,,,0.401552000000,   1.72000,
,,,0.401556000000,   1.76000,
,,,0.401560000000,   1.80000,
,,,0.401564000000,   1.84000,
,,,0.401568000000,   1.84000,
,,,0.401572000000,   1.84000,
,,,0.401576000000,   1.92000,
,,,0.401580000000,   1.96000,
,,,0.401584000000,   1.96000,
,,,0.401588000000,   2.00000,
,,,0.401592000000,   2.08000,
,,,0.401596000000,   2.08000,
,,,0.401600000000,   2.12000,
,,,0.401604000000,   2.16000,
,,,0.401608000000,   2.16000,
,,,0.401612000000,   2.24000,
,,,0.401616000000,   2.24000,
,,,0.401620000000,   2.28000,
,,,0.401624000000,   2.28000,
,,,0.401628000000,   2.32000,
,,,0.401632000000,   2.36000,
,,,0.401636000000,   2.40000,
,,,0.401640000000,   2.44000,
,,,0.401644000000,   2.44000,
,,,0.401648000000,   2.48000,
,,,0.401652000000,   2.48000,
,,,0.401656000000,   2.52000,
,,,0.401660000000,   2.56000,
,,,0.401664000000,   2.60000,
,,,0.401668000000,   2.60000,
,,,0.401672000000,   2.64000,
,,,0.401676000000,   2.68000,
,,,0.401680000000,   2.68000,
,,,0.401684000000,   2.68000,
,,,0.401688000000,   2.72000,
,,,0.401692000000,   2.76000,
,,,0.401696000000,   2.76000,
,,,0.401700000000,   2.80000,
,,,0.401704000000,   2.80000,
,,,0.401708000000,   2.84000,
,,,0.401712000000,   2.88000,
,,,0.401716000000,   2.88000,
,,,0.401720000000,   2.88000,
,,,0.401724000000,   2.92000,
,,,0.401728000000,   2.92000,
,,,0.401732000000,   2.96000,
,,,0.401736000000,   2.96000,
,,,0.401740000000,   3.00000,
,,,0.401744000000,   3.00000,
,,,0.401748000000,   3.00000,
,,,0.401752000000,   3.00000,
,,,0.401756000000,   3.04000,
,,,0.401760000000,   3.08000,
,,,0.401764000000,   3.04000,
,,,0.401768000000,   3.08000,
,,,0.401772000000,   3.12000,
,,,0.401776000000,   3.08000,
,,,0.401780000000,   3.12000,
,,,0.401784000000,   3.12000,
,,,0.401788000000,   3.12000,
,,,0.401792000000,   3.16000,
,,,0.401796000000,   3.16000,
,,,0.401800000000,   3.16000,
,,,0.401804000000,   3.16000,
,,,0.401808000000,   3.16000,
,,,0.401812000000,   3.16000,
,,,0.401816000000,   3.20000,
,,,0.401820000000,   3.20000,
,,,0.401824000000,   3.20000,
,,,0.401828000000,   3.20000,
,,,0.401832000000,   3.20000,
,,,0.401836000000,   3.20000,
,,,0.401840000000,   3.24000,
,,,0.401844000000,   3.20000,
,,,0.401848000000,   3.24000,
,,,0.401852000000,   3.20000,
,,,0.401856000000,   3.24000,
,,,0.401860000000,   3.24000,
,,,0.401864000000,   3.20000,
,,,0.401868000000,   3.24000,
,,,0.401872000000,   3.20000,
,,,0.401876000000,   3.20000,
,,,0.401880000000,   3.24000,
,,,0.401884000000,   3.24000,
,,,0.401888000000,   3.20000,
,,,0.401892000000,   3.20000,
,,,0.401896000000,   3.20000,
,,,0.401900000000,   3.20000,
,,,0.401904000000,   3.20000,
,,,0.401908000000,   3.20000,
,,,0.401912000000,   3.16000,
,,,0.401916000000,   3.16000,
,,,0.401920000000,   3.16000,
,,,0.401924000000,   3.16000,
,,,0.401928000000,   3.16000,
,,,0.401932000000,   3.12000,
,,,0.401936000000,   3.12000,
,,,0.401940000000,   3.12000,
,,,0.401944000000,   3.12000,
,,,0.401948000000,   3.08000,
,,,0.401952000000,   3.08000,
,,,0.401956000000,   3.08000,
,,,0.401960000000,   3.08000,
,,,0.401964000000,   3.08000,
,,,0.401968000000,   3.04000,
,,,0.401972000000,   3.04000,
,,,0.401976000000,   3.00000,
,,,0.401980000000,   3.00000,
,,,0.401984000000,   2.96000,
,,,0.401988000000,   2.96000,
,,,0.401992000000,   2.92000,
,,,0.401996000000,   2.92000,
,,,0.402000000000,   2.92000,
,,,0.402004000000,   2.88000,
,,,0.402008000000,   2.88000,
,,,0.402012000000,   2.84000,
,,,0.402016000000,   2.84000,
,,,0.402020000000,   2.80000,
,,,0.402024000000,   2.80000,
,,,0.402028000000,   2.76000,
,,,0.402032000000,   2.72000,
,,,0.402036000000,   2.72000,
,,,0.402040000000,   2.68000,
,,,0.402044000000,   2.64000,
,,,0.402048000000,   2.60000,
,,,0.402052000000,   2.64000,
,,,0.402056000000,   2.60000,
,,,0.402060000000,   2.56000,
,,,0.402064000000,   2.56000,
,,,0.402068000000,   2.52000,
,,,0.402072000000,   2.48000,
,,,0.402076000000,   2.48000,
,,,0.402080000000,   2.44000,
,,,0.402084000000,   2.40000,
,,,0.402088000000,   2.36000,
,,,0.402092000000,   2.36000,
,,,0.402096000000,   2.32000,
,,,0.402100000000,   2.28000,
,,,0.402104000000,   2.24000,
,,,0.402108000000,   2.24000,
,,,0.402112000000,   2.20000,
,,,0.402116000000,   2.16000,
,,,0.402120000000,   2.16000,
,,,0.402124000000,   2.12000,
,,,0.402128000000,   2.08000,
,,,0.402132000000,   2.08000,
,,,0.402136000000,   2.04000,
,,,0.402140000000,   2.00000,
,,,0.402144000000,   1.96000,
,,,0.402148000000,   1.92000,
,,,0.402152000000,   1.88000,
,,,0.402156000000,   1.84000,
,,,0.402160000000,   1.80000,
,,,0.402164000000,   1.80000,
,,,0.402168000000,   1.76000,
,,,0.402172000000,   1.72000,
,,,0.402176000000,   1.68000,
,,,0.402180000000,   1.64000,
,,,0.402184000000,   1.60000,
,,,0.402188000000,   1.56000,
,,,0.402192000000,   1.52000,
,,,0.402196000000,   1.48000,
,,,0.402200000000,   1.44000,
,,,0.402204000000,   1.40000,
,,,0.402208000000,   1.36000,
,,,0.402212000000,   1.32000,
,,,0.402216000000,   1.28000,
,,,0.402220000000,   1.24000,
,,,0.402224000000,   1.20000,
,,,0.402228000000,   1.16000,
,,,0.402232000000,   1.12000,
,,,0.402236000000,   1.08000,
,,,0.402240000000,   1.04000,
,,,0.402244000000,   1.00000,
,,,0.402248000000,   0.96000,
,,,0.402252000000,   0.92000,
,,,0.402256000000,   0.88000,
,,,0.402260000000,   0.84000,
,,,0.402264000000,   0.84000,
,,,0.402268000000,   0.76000,
,,,0.402272000000,   0.72000,
,,,0.402276000000,   0.68000,
,,,0.402280000000,   0.64000,
,,,0.402284000000,   0.60000,
,,,0.402288000000,   0.56000,
,,,0.402292000000,   0.52000,
,,,0.402296000000,   0.48000,
,,,0.402300000000,   0.44000,
,,,0.402304000000,   0.40000,
,,,0.402308000000,   0.32000,
,,,0.402312000000,   0.32000,
,,,0.402316000000,   0.24000,
,,,0.402320000000,   0.20000,
,,,0.402324000000,   0.16000,
,,,0.402328000000,   0.12000,
,,,0.402332000000,   0.12000,
,,,0.402336000000,   0.04000,
,,,0.402340000000,   0.00000,
,,,0.402344000000,   0.00000,
,,,0.402348000000,  -0.04000,
,,,0.402352000000,  -0.12000,
,,,0.402356000000,  -0.20000,
,,,0.402360000000,  -0.20000,
,,,0.402364000000,  -0.24000,
,,,0.402368000000,  -0.28000,
,,,0.402372000000,  -0.36000,
,,,0.402376000000,  -0.36000,
,,,0.402380000000,  -0.40000,
,,,0.402384000000,  -0.48000,
,,,0.402388000000,  -0.48000,
,,,0.402392000000,  -0.56000,
,,,0.402396000000,  -0.60000,
,,,0.402400000000,  -0.64000,
,,,0.402404000000,  -0.68000,
,,,0.402408000000,  -0.68000,
,,,0.402412000000,  -0.76000,
,,,0.402416000000,  -0.80000,
,,,0.402420000000,  -0.84000,
,,,0.402424000000,  -0.88000,
,,,0.402428000000,  -0.92000,
,,,0.402432000000,  -0.92000,
,,,0.402436000000,  -1.00000,
,,,0.402440000000,  -1.00000,
,,,0.402444000000,  -1.08000,
,,,0.402448000000,  -1.12000,
,,,0.402452000000,  -1.16000,
,,,0.402456000000,  -1.16000,
,,,0.402460000000,  -1.24000,
,,,0.402464000000,  -1.24000,
,,,0.402468000000,  -1.32000,
,,,0.402472000000,  -1.32000,
,,,0.402476000000,  -1.40000,
,,,0.402480000000,  -1.44000,
,,,0.402484000000,  -1.44000,
,,,0.402488000000,  -1.52000,
,,,0.402492000000,  -1.56000,
,,,0.402496000000,  -1.56000,
,,,0.402500000000,  -1.60000,
,,,0.402504000000,  -1.64000,
,,,0.402508000000,  -1.68000,
,,,0.402512000000,  -1.72000,
,,,0.402516000000,  -1.76000,
,,,0.402520000000,  -1.76000,
,,,0.402524000000,  -1.80000,
,,,0.402528000000,  -1.88000,
,,,0.402532000000,  -1.88000,
,,,0.402536000000,  -1.96000,
,,,0.402540000000,  -1.96000,
,,,0.402544000000,  -2.00000,
,,,0.402548000000,  -2.04000,
,,,0.402552000000,  -2.04000,
,,,0.402556000000,  -2.12000,
,,,0.402560000000,  -2.12000,
,,,0.402564000000,  -2.12000,
,,,0.402568000000,  -2.20000,
,,,0.402572000000,  -2.20000,
,,,0.402576000000,  -2.24000,
,,,0.402580000000,  -2.28000,
,,,0.402584000000,  -2.32000,
,,,0.402588000000,  -2.32000,
,,,0.402592000000,  -2.36000,
,,,0.402596000000,  -2.40000,
,,,0.402600000000,  -2.40000,
,,,0.402604000000,  -2.48000,
,,,0.402608000000,  -2.48000,
,,,0.402612000000,  -2.48000,
,,,0.402616000000,  -2.56000,
,,,0.402620000000,  -2.56000,
,,,0.402624000000,  -2.60000,
,,,0.402628000000,  -2.60000,
,,,0.402632000000,  -2.60000,
,,,0.402636000000,  -2.64000,
,,,0.402640000000,  -2.64000,
,,,0.402644000000,  -2.68000,
,,,0.402648000000,  -2.72000,
,,,0.402652000000,  -2.76000,
,,,0.402656000000,  -2.76000,
,,,0.402660000000,  -2.76000,
,,,0.402664000000,  -2.80000,
,,,0.402668000000,  -2.84000,
,,,0.402672000000,  -2.88000,
,,,0.402676000000,  -2.88000,
,,,0.402680000000,  -2.88000,
,,,0.402684000000,  -2.92000,
,,,0.402688000000,  -2.92000,
,,,0.402692000000,  -2.96000,
,,,0.402696000000,  -2.96000,
,,,0.402700000000,  -2.96000,
,,,0.402704000000,  -2.96000,
,,,0.402708000000,  -3.00000,
,,,0.402712000000,  -3.00000,
,,,0.402716000000,  -3.04000,
,,,0.402720000000,  -3.04000,
,,,0.402724000000,  -3.08000,
,,,0.402728000000,  -3.08000,
,,,0.402732000000,  -3.08000,
,,,0.402736000000,  -3.08000,
,,,0.402740000000,  -3.12000,
,,,0.402744000000,  -3.12000,
,,,0.402748000000,  -3.12000,
,,,0.402752000000,  -3.16000,
,,,0.402756000000,  -3.16000,
,,,0.402760000000,  -3.16000,
,,,0.402764000000,  -3.16000,
,,,0.402768000000,  -3.16000,
,,,0.402772000000,  -3.16000,
,,,0.402776000000,  -3.20000,
,,,0.402780000000,  -3.16000,
,,,0.402784000000,  -3.20000,
,,,0.402788000000,  -3.20000,
,,,0.402792000000,  -3.20000,
,,,0.402796000000,  -3.24000,
,,,0.402800000000,  -3.20000,
,,,0.402804000000,  -3.24000,
,,,0.402808000000,  -3.20000,
,,,0.402812000000,  -3.24000,
,,,0.402816000000,  -3.20000,
,,,0.402820000000,  -3.24000,
,,,0.402824000000,  -3.24000,
,,,0.402828000000,  -3.24000,
,,,0.402832000000,  -3.20000,
,,,0.402836000000,  -3.24000,
,,,0.402840000000,  -3.20000,
,,,0.402844000000,  -3.20000,
,,,0.402848000000,  -3.24000,
,,,0.402852000000,  -3.20000,
,,,0.402856000000,  -3.20000,
,,,0.402860000000,  -3.20000,
,,,0.402864000000,  -3.20000,
,,,0.402868000000,  -3.20000,
,,,0.402872000000,  -3.16000,
,,,0.402876000000,  -3.16000,
,,,0.402880000000,  -3.16000,
,,,0.402884000000,  -3.16000,
,,,0.402888000000,  -3.16000,
,,,0.402892000000,  -3.12000,
,,,0.402896000000,  -3.12000,
,,,0.402900000000,  -3.08000,
,,,0.402904000000,  -3.12000,
,,,0.402908000000,  -3.08000,
,,,0.402912000000,  -3.08000,
,,,0.402916000000,  -3.08000,
,,,0.402920000000,  -3.08000,
,,,0.402924000000,  -3.04000,
,,,0.402928000000,  -3.04000,
,,,0.402932000000,  -3.04000,
,,,0.402936000000,  -3.00000,
,,,0.402940000000,  -3.00000,
,,,0.402944000000,  -3.00000,
,,,0.402948000000,  -2.96000,
,,,0.402952000000,  -2.92000,
,,,0.402956000000,  -2.92000,
,,,0.402960000000,  -2.92000,
,,,0.402964000000,  -2.88000,
,,,0.402968000000,  -2.88000,
,,,0.402972000000,  -2.84000,
,,,0.402976000000,  -2.84000,
,,,0.402980000000,  -2.80000,
,,,0.402984000000,  -2.76000,
,,,0.402988000000,  -2.76000,
,,,0.402992000000,  -2.72000,
,,,0.402996000000,  -2.72000,
,,,0.403000000000,  -2.68000,
,,,0.403004000000,  -2.68000,
,,,0.403008000000,  -2.60000,
,,,0.403012000000,  -2.64000,
,,,0.403016000000,  -2.60000,
,,,0.403020000000,  -2.56000,
,,,0.403024000000,  -2.56000,
,,,0.403028000000,  -2.52000,
,,,0.403032000000,  -2.52000,
,,,0.403036000000,  -2.44000,
,,,0.403040000000,  -2.44000,
,,,0.403044000000,  -2.44000,
,,,0.403048000000,  -2.36000,
,,,0.403052000000,  -2.36000,
,,,0.403056000000,  -2.32000,
,,,0.403060000000,  -2.32000,
,,,0.403064000000,  -2.28000,
,,,0.403068000000,  -2.24000,
,,,0.403072000000,  -2.20000,
,,,0.403076000000,  -2.16000,
,,,0.403080000000,  -2.12000,
,,,0.403084000000,  -2.12000,
,,,0.403088000000,  -2.08000,
,,,0.403092000000,  -2.08000,
,,,0.403096000000,  -2.04000,
,,,0.403100000000,  -2.00000,
,,,0.403104000000,  -1.96000,
,,,0.403108000000,  -1.92000,
,,,0.403112000000,  -1.92000,
,,,0.403116000000,  -1.88000,
,,,0.403120000000,  -1.84000,
,,,0.403124000000,  -1.80000,
,,,0.403128000000,  -1.72000,
,,,0.403132000000,  -1.72000,
,,,0.403136000000,  -1.68000,
,,,0.403140000000,  -1.64000,
,,,0.403144000000,  -1.60000,
,,,0.403148000000,  -1.56000,
,,,0.403152000000,  -1.52000,
,,,0.403156000000,  -1.52000,
,,,0.403160000000,  -1.44000,
,,,0.403164000000,  -1.40000,
,,,0.403168000000,  -1.36000,
,,,0.403172000000,  -1.36000,
,,,0.403176000000,  -1.32000,
,,,0.403180000000,  -1.28000,
,,,0.403184000000,  -1.24000,
,,,0.403188000000,  -1.20000,
,,,0.403192000000,  -1.16000,
,,,0.403196000000,  -1.12000,
,,,0.403200000000,  -1.04000,
,,,0.403204000000,  -1.04000,
,,,0.403208000000,  -1.00000,
,,,0.403212000000,  -0.96000,
,,,0.403216000000,  -0.92000,
,,,0.403220000000,  -0.88000,
,,,0.403224000000,  -0.84000,
,,,0.403228000000,  -0.80000,
,,,0.403232000000,  -0.76000,
,,,0.403236000000,  -0.72000,
,,,0.403240000000,  -0.68000,
,,,0.403244000000,  -0.60000,
,,,0.403248000000,  -0.60000,
,,,0.403252000000,  -0.56000,
,,,0.403256000000,  -0.48000,
,,,0.403260000000,  -0.44000,
,,,0.403264000000,  -0.40000,
,,,0.403268000000,  -0.40000,
,,,0.403272000000,  -0.32000,
,,,0.403276000000,  -0.28000,
,,,0.403280000000,  -0.24000,
,,,0.403284000000,  -0.20000,
,,,0.403288000000,  -0.16000,
,,,0.403292000000,  -0.12000,
,,,0.403296000000,  -0.08000,
,,,0.403300000000,   0.00000,
,,,0.403304000000,   0.00000,
,,,0.403308000000,   0.08000,
,,,0.403312000000,   0.12000,
,,,0.403316000000,   0.16000,
,,,0.403320000000,   0.20000,
,,,0.403324000000,   0.24000,
,,,0.403328000000,   0.28000,
,,,0.403332000000,   0.28000,
,,,0.403336000000,   0.36000,
,,,0.403340000000,   0.40000,
,,,0.403344000000,   0.44000,
,,,0.403348000000,   0.48000,
,,,0.403352000000,   0.52000,
,,,0.403356000000,   0.56000,
,,,0.403360000000,   0.60000,
,,,0.403364000000,   0.60000,
,,,0.403368000000,   0.68000,
,,,0.403372000000,   0.72000,
,,,0.403376000000,   0.76000,
,,,0.403380000000,   0.84000,
,,,0.403384000000,   0.84000,
,,,0.403388000000,   0.88000,
,,,0.403392000000,   0.96000,
,,,0.403396000000,   0.96000,
,,,0.403400000000,   1.00000,
,,,0.403404000000,   1.04000,
,,,0.403408000000,   1.08000,
,,,0.403412000000,   1.12000,
,,,0.403416000000,   1.16000,
,,,0.403420000000,   1.20000,
,,,0.403424000000,   1.28000,
,,,0.403428000000,   1.28000,
,,,0.403432000000,   1.32000,
,,,0.403436000000,   1.36000,
,,,0.403440000000,   1.40000,
,,,0.403444000000,   1.44000,
,,,0.403448000000,   1.48000,
,,,0.403452000000,   1.52000,
,,,0.403456000000,   1.56000,
,,,0.403460000000,   1.60000,
,,,0.403464000000,   1.64000,
,,,0.403468000000,   1.68000,
,,,0.403472000000,   1.68000,
,,,0.403476000000,   1.76000,
,,,0.403480000000,   1.80000,
,,,0.403484000000,   1.80000,
,,,0.403488000000,   1.84000,
,,,0.403492000000,   1.84000,
,,,0.403496000000,   1.92000,
,,,0.403500000000,   1.96000,
,,,0.403504000000,   2.00000,
,,,0.403508000000,   2.04000,
,,,0.403512000000,   2.04000,
,,,0.403516000000,   2.08000,
,,,0.403520000000,   2.12000,
,,,0.403524000000,   2.16000,
,,,0.403528000000,   2.20000,
,,,0.403532000000,   2.20000,
,,,0.403536000000,   2.24000,
,,,0.403540000000,   2.24000,
,,,0.403544000000,   2.28000,
,,,0.403548000000,   2.32000,
,,,0.403552000000,   2.36000,
,,,0.403556000000,   2.40000,
,,,0.403560000000,   2.44000,
,,,0.403564000000,   2.44000,
,,,0.403568000000,   2.44000,
,,,0.403572000000,   2.48000,
,,,0.403576000000,   2.52000,
,,,0.403580000000,   2.56000,
,,,0.403584000000,   2.56000,
,,,0.403588000000,   2.60000,
,,,0.403592000000,   2.64000,
,,,0.403596000000,   2.64000,
,,,0.403600000000,   2.68000,
,,,0.403604000000,   2.68000,
,,,0.403608000000,   2.72000,
,,,0.403612000000,   2.76000,
,,,0.403616000000,   2.76000,
,,,0.403620000000,   2.76000,
,,,0.403624000000,   2.80000,
,,,0.403628000000,   2.80000,
,,,0.403632000000,   2.84000,
,,,0.403636000000,   2.84000,
,,,0.403640000000,   2.92000,
,,,0.403644000000,   2.92000,
,,,0.403648000000,   2.92000,
,,,0.403652000000,   2.92000,
,,,0.403656000000,   2.96000,
,,,0.403660000000,   2.96000,
,,,0.403664000000,   3.00000,
,,,0.403668000000,   3.00000,
,,,0.403672000000,   3.00000,
,,,0.403676000000,   3.04000,
,,,0.403680000000,   3.04000,
,,,0.403684000000,   3.08000,
,,,0.403688000000,   3.08000,
,,,0.403692000000,   3.08000,
,,,0.403696000000,   3.08000,
,,,0.403700000000,   3.12000,
,,,0.403704000000,   3.12000,
,,,0.403708000000,   3.12000,
,,,0.403712000000,   3.16000,
,,,0.403716000000,   3.16000,
,,,0.403720000000,   3.16000,
,,,0.403724000000,   3.16000,
,,,0.403728000000,   3.20000,
,,,0.403732000000,   3.20000,
,,,0.403736000000,   3.20000,
,,,0.403740000000,   3.20000,
,,,0.403744000000,   3.20000,
,,,0.403748000000,   3.20000,
,,,0.403752000000,   3.20000,
,,,0.403756000000,   3.24000,
,,,0.403760000000,   3.20000,
,,,0.403764000000,   3.20000,
,,,0.403768000000,   3.20000,
,,,0.403772000000,   3.24000,
,,,0.403776000000,   3.24000,
,,,0.403780000000,   3.24000,
,,,0.403784000000,   3.24000,
,,,0.403788000000,   3.24000,
,,,0.403792000000,   3.20000,
,,,0.403796000000,   3.24000,
,,,0.403800000000,   3.24000,
,,,0.403804000000,   3.24000,
,,,0.403808000000,   3.24000,
,,,0.403812000000,   3.24000,
,,,0.403816000000,   3.20000,
,,,0.403820000000,   3.20000,
,,,0.403824000000,   3.20000,
,,,0.403828000000,   3.20000,
,,,0.403832000000,   3.20000,
,,,0.403836000000,   3.16000,
,,,0.403840000000,   3.16000,
,,,0.403844000000,   3.20000,
,,,0.403848000000,   3.16000,
,,,0.403852000000,   3.16000,
,,,0.403856000000,   3.16000,
,,,0.403860000000,   3.12000,
,,,0.403864000000,   3.12000,
,,,0.403868000000,   3.12000,
,,,0.403872000000,   3.08000,
,,,0.403876000000,   3.08000,
,,,0.403880000000,   3.08000,
,,,0.403884000000,   3.04000,
,,,0.403888000000,   3.00000,
,,,0.403892000000,   3.00000,
,,,0.403896000000,   3.00000,
,,,0.403900000000,   3.00000,
,,,0.403904000000,   3.00000,
,,,0.403908000000,   2.96000,
,,,0.403912000000,   2.96000,
,,,0.403916000000,   2.92000,
,,,0.403920000000,   2.92000,
,,,0.403924000000,   2.88000,
,,,0.403928000000,   2.88000,
,,,0.403932000000,   2.88000,
,,,0.403936000000,   2.84000,
,,,0.403940000000,   2.80000,
,,,0.403944000000,   2.80000,
,,,0.403948000000,   2.76000,
,,,0.403952000000,   2.72000,
,,,0.403956000000,   2.72000,
,,,0.403960000000,   2.72000,
,,,0.403964000000,   2.68000,
,,,0.403968000000,   2.64000,
,,,0.403972000000,   2.64000,
,,,0.403976000000,   2.60000,
,,,0.403980000000,   2.60000,
,,,0.403984000000,   2.56000,
,,,0.403988000000,   2.52000,
,,,0.403992000000,   2.52000,
,,,0.403996000000,   2.48000,
,,,0.404000000000,   2.48000,
,,,0.404004000000,   2.40000,
,,,0.404008000000,   2.40000,
,,,0.404012000000,   2.36000,
,,,0.404016000000,   2.32000,
,,,0.404020000000,   2.28000,
,,,0.404024000000,   2.28000,
,,,0.404028000000,   2.24000,
,,,0.404032000000,   2.20000,
,,,0.404036000000,   2.20000,
,,,0.404040000000,   2.16000,
,,,0.404044000000,   2.12000,
,,,0.404048000000,   2.12000,
,,,0.404052000000,   2.08000,
,,,0.404056000000,   2.04000,
,,,0.404060000000,   2.00000,
,,,0.404064000000,   1.96000,
,,,0.404068000000,   1.92000,
,,,0.404072000000,   1.92000,
,,,0.404076000000,   1.84000,
,,,0.404080000000,   1.80000,
,,,0.404084000000,   1.80000,
,,,0.404088000000,   1.76000,
,,,0.404092000000,   1.76000,
,,,0.404096000000,   1.68000,
,,,0.404100000000,   1.68000,
,,,0.404104000000,   1.60000,
,,,0.404108000000,   1.56000,
,,,0.404112000000,   1.56000,
,,,0.404116000000,   1.48000,
,,,0.404120000000,   1.44000,
,,,0.404124000000,   1.44000,
,,,0.404128000000,   1.36000,
,,,0.404132000000,   1.32000,
,,,0.404136000000,   1.28000,
,,,0.404140000000,   1.24000,
,,,0.404144000000,   1.20000,
,,,0.404148000000,   1.16000,
,,,0.404152000000,   1.12000,
,,,0.404156000000,   1.08000,
,,,0.404160000000,   1.04000,
,,,0.404164000000,   1.04000,
,,,0.404168000000,   0.96000,
,,,0.404172000000,   0.96000,
,,,0.404176000000,   0.92000,
,,,0.404180000000,   0.84000,
,,,0.404184000000,   0.84000,
,,,0.404188000000,   0.76000,
,,,0.404192000000,   0.72000,
,,,0.404196000000,   0.68000,
,,,0.404200000000,   0.68000,
,,,0.404204000000,   0.60000,
,,,0.404208000000,   0.56000,
,,,0.404212000000,   0.52000,
,,,0.404216000000,   0.48000,
,,,0.404220000000,   0.44000,
,,,0.404224000000,   0.40000,
,,,0.404228000000,   0.36000,
,,,0.404232000000,   0.32000,
,,,0.404236000000,   0.28000,
,,,0.404240000000,   0.24000,
,,,0.404244000000,   0.20000,
,,,0.404248000000,   0.16000,
,,,0.404252000000,   0.12000,
,,,0.404256000000,   0.08000,
,,,0.404260000000,   0.04000,
,,,0.404264000000,   0.00000,
,,,0.404268000000,  -0.04000,
,,,0.404272000000,  -0.12000,
,,,0.404276000000,  -0.16000,
,,,0.404280000000,  -0.20000,
,,,0.404284000000,  -0.24000,
,,,0.404288000000,  -0.28000,
,,,0.404292000000,  -0.32000,
,,,0.404296000000,  -0.32000,
,,,0.404300000000,  -0.40000,
,,,0.404304000000,  -0.44000,
,,,0.404308000000,  -0.52000,
,,,0.404312000000,  -0.56000,
,,,0.404316000000,  -0.56000,
,,,0.404320000000,  -0.60000,
,,,0.404324000000,  -0.68000,
,,,0.404328000000,  -0.68000,
,,,0.404332000000,  -0.76000,
,,,0.404336000000,  -0.76000,
,,,0.404340000000,  -0.80000,
,,,0.404344000000,  -0.88000,
,,,0.404348000000,  -0.88000,
,,,0.404352000000,  -0.92000,
,,,0.404356000000,  -0.96000,
,,,0.404360000000,  -1.00000,
,,,0.404364000000,  -1.08000,
,,,0.404368000000,  -1.08000,
,,,0.404372000000,  -1.12000,
,,,0.404376000000,  -1.20000,
,,,0.404380000000,  -1.20000,
,,,0.404384000000,  -1.24000,
,,,0.404388000000,  -1.28000,
,,,0.404392000000,  -1.32000,
,,,0.404396000000,  -1.36000,
,,,0.404400000000,  -1.40000,
,,,0.404404000000,  -1.44000,
,,,0.404408000000,  -1.44000,
,,,0.404412000000,  -1.52000,
,,,0.404416000000,  -1.56000,
,,,0.404420000000,  -1.60000,
,,,0.404424000000,  -1.64000,
,,,0.404428000000,  -1.68000,
,,,0.404432000000,  -1.72000,
,,,0.404436000000,  -1.72000,
,,,0.404440000000,  -1.76000,
,,,0.404444000000,  -1.80000,
,,,0.404448000000,  -1.84000,
,,,0.404452000000,  -1.88000,
,,,0.404456000000,  -1.92000,
,,,0.404460000000,  -1.96000,
,,,0.404464000000,  -2.00000,
,,,0.404468000000,  -2.04000,
,,,0.404472000000,  -2.08000,
,,,0.404476000000,  -2.08000,
,,,0.404480000000,  -2.12000,
,,,0.404484000000,  -2.16000,
,,,0.404488000000,  -2.16000,
,,,0.404492000000,  -2.20000,
,,,0.404496000000,  -2.20000,
,,,0.404500000000,  -2.28000,
,,,0.404504000000,  -2.32000,
,,,0.404508000000,  -2.36000,
,,,0.404512000000,  -2.36000,
,,,0.404516000000,  -2.40000,
,,,0.404520000000,  -2.44000,
,,,0.404524000000,  -2.44000,
,,,0.404528000000,  -2.48000,
,,,0.404532000000,  -2.48000,
,,,0.404536000000,  -2.52000,
,,,0.404540000000,  -2.52000,
,,,0.404544000000,  -2.56000,
,,,0.404548000000,  -2.60000,
,,,0.404552000000,  -2.60000,
,,,0.404556000000,  -2.64000,
,,,0.404560000000,  -2.64000,
,,,0.404564000000,  -2.68000,
,,,0.404568000000,  -2.72000,
,,,0.404572000000,  -2.76000,
,,,0.404576000000,  -2.76000,
,,,0.404580000000,  -2.80000,
,,,0.404584000000,  -2.80000,
,,,0.404588000000,  -2.84000,
,,,0.404592000000,  -2.84000,
,,,0.404596000000,  -2.88000,
,,,0.404600000000,  -2.88000,
,,,0.404604000000,  -2.92000,
,,,0.404608000000,  -2.92000,
,,,0.404612000000,  -2.92000,
,,,0.404616000000,  -2.96000,
,,,0.404620000000,  -2.96000,
,,,0.404624000000,  -3.00000,
,,,0.404628000000,  -3.00000,
,,,0.404632000000,  -3.00000,
,,,0.404636000000,  -3.04000,
,,,0.404640000000,  -3.04000,
,,,0.404644000000,  -3.08000,
,,,0.404648000000,  -3.08000,
,,,0.404652000000,  -3.08000,
,,,0.404656000000,  -3.08000,
,,,0.404660000000,  -3.12000,
,,,0.404664000000,  -3.12000,
,,,0.404668000000,  -3.12000,
,,,0.404672000000,  -3.12000,
,,,0.404676000000,  -3.16000,
,,,0.404680000000,  -3.16000,
,,,0.404684000000,  -3.16000,
,,,0.404688000000,  -3.16000,
,,,0.404692000000,  -3.16000,
,,,0.404696000000,  -3.16000,
,,,0.404700000000,  -3.20000,
,,,0.404704000000,  -3.20000,
,,,0.404708000000,  -3.20000,
,,,0.404712000000,  -3.20000,
,,,0.404716000000,  -3.20000,
,,,0.404720000000,  -3.20000,
,,,0.404724000000,  -3.20000,
,,,0.404728000000,  -3.24000,
,,,0.404732000000,  -3.20000,
,,,0.404736000000,  -3.24000,
,,,0.404740000000,  -3.20000,
,,,0.404744000000,  -3.24000,
,,,0.404748000000,  -3.20000,
,,,0.404752000000,  -3.24000,
,,,0.404756000000,  -3.20000,
,,,0.404760000000,  -3.20000,
,,,0.404764000000,  -3.20000,
,,,0.404768000000,  -3.24000,
,,,0.404772000000,  -3.20000,
,,,0.404776000000,  -3.20000,
,,,0.404780000000,  -3.20000,
,,,0.404784000000,  -3.20000,
,,,0.404788000000,  -3.16000,
,,,0.404792000000,  -3.20000,
,,,0.404796000000,  -3.16000,
,,,0.404800000000,  -3.16000,
,,,0.404804000000,  -3.16000,
,,,0.404808000000,  -3.16000,
,,,0.404812000000,  -3.16000,
,,,0.404816000000,  -3.12000,
,,,0.404820000000,  -3.12000,
,,,0.404824000000,  -3.12000,
,,,0.404828000000,  -3.08000,
,,,0.404832000000,  -3.08000,
,,,0.404836000000,  -3.08000,
,,,0.404840000000,  -3.04000,
,,,0.404844000000,  -3.04000,
,,,0.404848000000,  -3.04000,
,,,0.404852000000,  -3.04000,
,,,0.404856000000,  -3.00000,
,,,0.404860000000,  -2.96000,
,,,0.404864000000,  -2.96000,
,,,0.404868000000,  -2.96000,
,,,0.404872000000,  -2.92000,
,,,0.404876000000,  -2.92000,
,,,0.404880000000,  -2.92000,
,,,0.404884000000,  -2.88000,
,,,0.404888000000,  -2.88000,
,,,0.404892000000,  -2.84000,
,,,0.404896000000,  -2.84000,
,,,0.404900000000,  -2.80000,
,,,0.404904000000,  -2.80000,
,,,0.404908000000,  -2.76000,
,,,0.404912000000,  -2.76000,
,,,0.404916000000,  -2.72000,
,,,0.404920000000,  -2.68000,
,,,0.404924000000,  -2.68000,
,,,0.404928000000,  -2.68000,
,,,0.404932000000,  -2.60000,
,,,0.404936000000,  -2.64000,
,,,0.404940000000,  -2.56000,
,,,0.404944000000,  -2.56000,
,,,0.404948000000,  -2.52000,
,,,0.404952000000,  -2.52000,
,,,0.404956000000,  -2.48000,
,,,0.404960000000,  -2.44000,
,,,0.404964000000,  -2.40000,
,,,0.404968000000,  -2.40000,
,,,0.404972000000,  -2.36000,
,,,0.404976000000,  -2.36000,
,,,0.404980000000,  -2.32000,
,,,0.404984000000,  -2.28000,
,,,0.404988000000,  -2.24000,
,,,0.404992000000,  -2.20000,
,,,0.404996000000,  -2.16000,
